Elapsed time,Front travel,Rear travel,Front brake,Rear brake,Acc x,Acc y,Acc z
0.233,14.1,26.9,0,0,0.06,0.16,1.11
0.282,16.6,30.4,0,0,0.14,0.28,1.22
0.283,19.0,34.0,0,0,0.22,0.41,1.33
0.283,21.4,37.6,0,0,0.30,0.50,1.39
0.294,24.0,41.7,0,0,0.26,0.59,1.45
0.294,24.0,42.3,0,0,0.14,0.56,1.39
0.295,24.1,43.0,0,0,0.02,0.53,1.34
0.295,24.2,43.6,0,0,-0.09,0.49,1.28
0.296,24.3,44.2,0,0,-0.21,0.49,1.28
0.296,24.3,44.2,0,0,-0.21,0.49,1.28
0.297,24.3,44.2,0,0,-0.21,0.49,1.28
0.297,24.3,44.2,0,0,-0.21,0.49,1.28
0.346,24.4,42.8,0,0,-0.11,0.36,1.20
0.346,24.4,41.5,0,0,-0.01,0.23,1.11
0.347,24.5,40.1,0,0,0.09,0.11,1.03
0.347,24.5,38.8,0,0,0.20,-0.02,0.94
0.348,24.6,37.4,0,0,0.30,-0.15,0.86
0.348,24.6,37.4,0,0,0.30,-0.15,0.86
0.349,24.6,37.4,0,0,0.30,-0.15,0.86
0.349,24.6,37.4,0,0,0.30,-0.11,0.87
0.360,24.4,36.9,0,0,0.32,-0.06,0.88
0.360,24.2,36.5,0,0,0.34,-0.01,0.88
0.361,24.1,36.0,0,0,0.36,0.03,0.89
0.361,23.9,35.6,0,0,0.38,0.08,0.90
0.362,23.7,35.1,0,0,0.40,0.08,0.90
0.362,23.7,35.1,0,0,0.40,0.08,0.90
0.409,23.1,34.0,0,0,0.30,0.02,0.94
0.410,22.4,32.9,0,0,0.20,-0.03,0.98
0.410,21.7,31.8,0,0,0.10,-0.09,1.02
0.411,21.1,30.7,0,0,0.00,-0.15,1.06
0.411,20.4,29.6,0,0,-0.10,-0.20,1.10
0.412,20.4,29.6,0,0,-0.10,-0.20,1.10
0.412,20.4,29.6,0,0,-0.10,-0.20,1.10
0.413,20.4,29.6,0,0,-0.10,-0.20,1.10
0.413,20.4,29.6,0,0,-0.10,-0.20,1.10
0.413,20.4,29.6,0,0,-0.10,-0.20,1.10
0.414,20.4,29.6,0,0,-0.10,-0.20,1.10
0.415,20.4,29.6,0,0,-0.05,-0.20,1.05
0.425,20.1,29.7,0,0,-0.00,-0.21,0.99
0.425,19.8,29.8,0,0,0.03,-0.21,0.92
0.463,18.3,29.4,0,0,0.07,-0.21,0.86
0.464,16.3,28.9,0,0,0.13,-0.22,0.82
0.475,14.4,28.4,0,0,0.14,-0.23,0.83
0.476,12.7,27.8,0,0,0.16,-0.24,0.85
0.476,11.0,27.2,0,0,0.19,-0.25,0.87
0.477,10.6,27.0,0,0,0.21,-0.27,0.89
0.477,10.6,27.0,0,0,0.21,-0.27,0.89
0.478,10.6,27.0,0,0,0.21,-0.27,0.89
0.478,10.6,27.0,0,0,0.21,-0.27,0.89
0.479,10.6,27.0,0,0,0.21,-0.27,0.89
0.479,10.6,27.0,0,0,0.21,-0.27,0.89
0.480,10.6,27.0,0,0,0.21,-0.27,0.89
0.480,10.6,27.0,0,0,0.21,-0.27,0.89
0.481,10.6,26.9,0,0,0.20,-0.25,0.86
0.527,10.0,27.2,0,0,0.19,-0.24,0.84
0.528,9.4,27.5,0,0,0.18,-0.23,0.82
0.528,8.9,27.7,0,0,0.17,-0.22,0.79
0.529,8.2,28.5,0,0,0.17,-0.15,0.78
0.540,7.5,29.3,0,0,0.17,-0.10,0.80
0.541,7.4,29.7,0,0,0.18,-0.05,0.81
0.541,7.3,30.2,0,0,0.18,-0.00,0.82
0.542,7.2,30.6,0,0,0.18,0.05,0.84
0.542,7.2,30.6,0,0,0.18,0.05,0.84
0.543,7.2,30.6,0,0,0.18,0.05,0.84
0.543,7.2,30.6,0,0,0.18,0.05,0.84
0.544,7.2,30.6,0,0,0.18,0.05,0.84
0.544,7.2,30.6,0,0,0.18,0.05,0.84
0.545,7.2,30.6,0,0,0.18,0.07,0.72
0.591,7.8,29.8,0,0,0.20,0.09,0.60
0.592,8.5,29.1,0,0,0.21,0.11,0.49
0.592,9.2,28.3,0,0,0.23,0.14,0.37
0.593,9.9,27.5,0,0,0.24,0.16,0.25
0.593,10.5,26.8,0,0,0.26,0.16,0.25
0.594,11.1,27.1,0,0,0.25,0.21,0.33
0.605,11.6,27.4,0,0,0.24,0.26,0.40
0.606,12.2,27.8,0,0,0.23,0.32,0.48
0.606,12.7,28.1,0,0,0.22,0.37,0.55
0.607,13.2,28.4,0,0,0.22,0.42,0.62
0.607,13.2,28.4,0,0,0.22,0.42,0.62
0.608,13.2,28.4,0,0,0.22,0.42,0.62
0.608,13.2,28.4,0,0,0.22,0.42,0.62
0.609,13.2,28.4,0,0,0.22,0.42,0.62
0.609,14.6,29.0,0,0,0.30,0.64,0.61
0.657,16.0,29.6,0,0,0.39,0.86,0.60
0.657,17.4,30.2,0,0,0.48,1.07,0.58
0.658,18.8,30.8,0,0,0.57,1.29,0.57
0.658,20.2,31.4,0,0,0.66,1.51,0.56
0.659,20.2,31.4,0,0,0.66,1.51,0.56
0.660,20.2,31.4,0,0,0.44,1.23,0.72
0.671,20.4,31.4,0,0,0.23,0.96,0.89
0.672,20.7,31.4,0,0,0.02,0.68,1.06
0.672,20.9,31.5,0,0,-0.20,0.41,1.23
0.673,21.1,31.5,0,0,-0.41,0.14,1.39
0.673,21.3,31.5,0,0,-0.41,0.14,1.39
0.674,21.3,31.5,0,0,-0.41,0.14,1.39
0.674,21.3,31.5,0,0,-0.41,0.14,1.39
0.675,21.6,31.6,0,0,-0.37,-0.10,1.49
0.722,22.0,31.7,0,0,-0.33,-0.33,1.59
0.722,22.3,31.7,0,0,-0.30,-0.57,1.69
0.723,22.6,31.8,0,0,-0.26,-0.80,1.79
0.723,23.0,31.9,0,0,-0.22,-1.04,1.88
0.724,23.0,31.9,0,0,-0.22,-1.04,1.88
0.724,23.0,31.9,0,0,-0.22,-1.04,1.88
0.725,22.9,32.2,0,0,-0.28,-0.61,1.67
0.736,22.9,32.4,0,0,-0.34,-0.19,1.46
0.737,22.9,32.7,0,0,-0.40,0.23,1.25
0.737,22.9,32.9,0,0,-0.46,0.66,1.04
0.738,22.9,33.2,0,0,-0.52,1.08,0.83
0.738,22.9,33.2,0,0,-0.52,1.08,0.83
0.739,22.9,33.2,0,0,-0.52,0.65,0.93
0.786,21.9,34.3,0,0,-0.53,0.22,1.02
0.787,21.0,35.4,0,0,-0.54,-0.22,1.12
0.787,20.0,36.5,0,0,-0.55,-0.65,1.22
0.788,19.0,37.6,0,0,-0.57,-1.08,1.32
0.788,18.1,38.7,0,0,-0.58,-1.08,1.32
0.789,18.1,38.7,0,0,-0.58,-1.08,1.32
0.789,18.1,38.7,0,0,-0.58,-1.08,1.32
0.790,18.1,38.7,0,0,-0.58,-1.08,1.32
0.790,18.1,38.7,0,0,-0.58,-1.08,1.32
0.802,17.4,37.8,0,0,-0.46,-0.95,1.15
0.802,16.7,36.9,0,0,-0.33,-0.82,0.97
0.803,16.0,36.1,0,0,-0.21,-0.68,0.80
0.803,15.3,35.2,0,0,-0.09,-0.55,0.63
0.804,14.6,35.3,0,0,-0.06,-0.26,0.48
0.839,13.3,36.2,0,0,-0.22,-0.02,0.32
0.852,11.7,36.9,0,0,-0.37,0.23,0.16
0.852,10.2,37.5,0,0,-0.53,0.48,0.00
0.853,8.6,38.1,0,0,-0.68,0.72,-0.15
0.854,7.1,37.8,0,0,-0.75,0.81,-0.34
0.854,6.8,37.5,0,0,-0.75,0.81,-0.34
0.855,6.8,37.5,0,0,-0.75,0.81,-0.34
0.855,6.8,37.5,0,0,-0.75,0.81,-0.34
0.856,6.8,37.5,0,0,-0.75,0.81,-0.34
0.856,6.8,37.5,0,0,-0.75,0.81,-0.34
0.857,6.8,37.9,0,0,-0.55,0.68,-0.10
0.868,7.0,38.2,0,0,-0.36,0.55,0.13
0.869,7.1,38.5,0,0,-0.17,0.42,0.36
0.869,7.1,39.4,0,0,-0.03,0.35,0.60
0.905,7.1,40.3,0,0,0.11,0.28,0.84
0.905,7.1,40.9,0,0,0.06,0.45,0.84
0.917,7.3,40.8,0,0,0.00,0.63,0.83
0.917,7.6,40.7,0,0,-0.05,0.81,0.83
0.918,8.0,40.0,0,0,-0.05,0.92,0.82
0.918,8.4,39.4,0,0,-0.06,1.04,0.81
0.919,8.8,38.7,0,0,-0.06,1.04,0.81
0.919,8.8,38.7,0,0,-0.06,1.04,0.81
0.920,8.8,38.7,0,0,-0.06,1.04,0.81
0.920,8.8,38.7,0,0,-0.06,1.04,0.81
0.921,8.8,38.7,0,0,-0.06,1.04,0.81
0.921,8.8,38.7,0,0,-0.06,1.10,0.79
0.933,9.2,39.1,0,0,-0.08,1.15,0.78
0.933,9.6,39.6,0,0,-0.07,1.24,0.91
0.969,10.4,40.9,0,0,-0.06,1.32,1.05
0.970,11.3,42.3,0,0,-0.06,1.41,1.18
0.970,12.1,43.6,0,0,-0.05,1.31,1.35
0.983,12.8,45.1,0,0,0.29,1.21,1.52
0.983,13.4,46.6,0,0,0.59,1.09,1.54
0.984,13.7,47.1,0,0,0.89,0.96,1.55
0.984,13.9,47.6,0,0,1.20,0.83,1.57
0.985,14.1,48.2,0,0,1.50,0.83,1.57
0.985,14.1,48.2,0,0,1.50,0.83,1.57
0.986,14.1,48.2,0,0,1.50,0.83,1.57
0.986,14.1,48.2,0,0,1.50,0.83,1.57
0.987,14.1,48.2,0,0,1.50,0.83,1.57
0.987,14.1,48.2,0,0,1.50,0.76,1.72
0.999,14.5,48.1,0,0,1.40,0.59,1.66
1.035,15.0,47.2,0,0,1.30,0.42,1.60
1.035,15.6,46.2,0,0,1.20,0.25,1.54
1.036,16.2,45.2,0,0,1.10,0.07,1.48
1.036,16.8,44.2,0,0,1.00,-0.02,1.27
1.037,16.6,42.7,0,0,0.92,-0.09,1.23
1.048,16.1,42.1,0,0,0.84,-0.16,1.20
1.049,15.7,41.5,0,0,0.76,-0.24,1.16
1.049,15.3,40.8,0,0,0.68,-0.31,1.13
1.050,14.8,40.2,0,0,0.60,-0.38,1.09
1.050,14.8,40.2,0,0,0.60,-0.38,1.09
1.051,14.8,40.2,0,0,0.60,-0.38,1.09
1.051,14.8,40.2,0,0,0.60,-0.38,1.09
1.052,14.8,40.2,0,0,0.60,-0.38,1.09
1.052,14.8,40.2,0,0,0.60,-0.62,1.21
1.099,12.5,38.4,0,0,0.61,-0.86,1.33
1.099,10.1,36.6,0,0,0.62,-1.10,1.46
1.100,7.8,34.8,0,0,0.63,-1.35,1.58
1.100,5.4,32.9,0,0,0.64,-1.59,1.70
1.101,3.1,31.1,0,0,0.64,-1.59,1.70
1.101,3.1,31.1,0,0,0.64,-1.59,1.70
1.102,2.7,31.5,0,0,0.45,-1.39,1.44
1.113,2.3,31.8,0,0,0.25,-1.19,1.18
1.114,1.9,32.2,0,0,0.06,-0.99,0.92
1.114,1.5,32.6,0,0,-0.13,-0.78,0.66
1.115,1.1,32.9,0,0,-0.32,-0.58,0.41
1.115,1.1,32.9,0,0,-0.32,-0.58,0.41
1.116,1.1,32.9,0,0,-0.32,-0.58,0.41
1.116,1.1,32.9,0,0,-0.37,-0.49,0.26
1.162,1.0,32.4,0,0,-0.41,-0.39,0.11
1.163,0.8,31.9,0,0,-0.46,-0.29,-0.04
1.163,0.6,31.5,0,0,-0.50,-0.19,-0.19
1.164,0.4,31.0,0,0,-0.55,-0.09,-0.34
1.164,0.3,30.5,0,0,-0.55,-0.09,-0.34
1.165,0.3,30.5,0,0,-0.55,-0.09,-0.34
1.165,0.3,30.5,0,0,-0.55,-0.09,-0.34
1.293,4.7,33.7,0,0,-0.38,0.18,0.17
1.331,9.2,37.0,0,0,-0.21,0.45,0.68
1.332,13.6,40.3,0,0,-0.07,0.74,0.99
1.342,18.1,43.6,0,0,0.08,1.03,1.30
1.343,22.5,46.9,0,0,0.23,1.32,1.61
1.343,22.5,47.0,0,0,0.21,1.33,1.41
1.344,22.5,45.1,0,0,0.05,1.08,1.01
1.392,22.9,43.2,0,0,-0.10,0.81,0.81
1.393,23.4,41.3,0,0,-0.24,0.54,0.61
1.393,23.8,39.4,0,0,-0.39,0.28,0.40
1.394,24.3,37.5,0,0,-0.53,0.01,0.20
1.394,24.7,37.5,0,0,-0.53,0.01,0.20
1.395,24.7,37.5,0,0,-0.53,0.01,0.20
1.395,24.7,37.5,0,0,-0.53,0.01,0.20
1.396,24.7,37.5,0,0,-0.53,0.01,0.20
1.396,24.7,37.5,0,0,-0.53,0.01,0.20
1.397,24.7,37.5,0,0,-0.53,0.01,0.20
1.397,24.7,37.5,0,0,-0.53,0.01,0.20
1.408,24.4,36.8,0,0,-0.54,-0.06,0.33
1.408,24.0,36.0,0,0,-0.54,-0.13,0.47
1.409,22.9,34.8,0,0,-0.61,-0.23,0.63
1.446,21.7,33.6,0,0,-0.69,-0.32,0.78
1.458,19.7,32.0,0,0,-0.91,-0.46,0.93
1.458,18.0,31.2,0,0,-1.13,-0.52,0.94
1.459,16.4,30.3,0,0,-1.35,-0.59,0.95
1.459,15.6,29.9,0,0,-1.50,-0.63,0.95
1.460,14.8,29.6,0,0,-1.65,-0.67,0.94
1.460,14.8,29.6,0,0,-1.65,-0.67,0.94
1.461,14.8,29.6,0,0,-1.65,-0.67,0.94
1.461,14.8,29.6,0,0,-1.65,-0.67,0.94
1.462,14.8,29.6,0,0,-1.65,-0.67,0.94
1.462,14.8,29.6,0,0,-1.65,-0.67,0.94
1.463,14.8,29.6,0,0,-1.65,-0.67,0.94
1.463,14.8,29.6,0,0,-1.65,-0.59,0.82
1.511,13.1,29.3,0,0,-1.30,-0.51,0.69
1.511,11.5,28.9,0,0,-0.95,-0.43,0.57
1.512,9.8,28.6,0,0,-0.60,-0.35,0.45
1.512,8.2,28.3,0,0,-0.25,-0.27,0.38
1.524,6.4,28.1,0,0,-0.06,-0.09,0.44
1.524,6.3,28.2,0,0,-0.22,0.10,0.49
1.525,6.2,28.3,0,0,-0.38,0.28,0.55
1.525,6.1,28.4,0,0,-0.54,0.46,0.61
1.526,6.0,28.6,0,0,-0.70,0.64,0.61
1.526,6.0,28.6,0,0,-0.70,0.64,0.61
1.527,6.0,28.6,0,0,-0.70,0.64,0.61
1.527,6.0,28.6,0,0,-0.70,0.64,0.61
1.528,6.0,28.6,0,0,-0.70,0.64,0.61
1.528,6.0,28.6,0,0,-0.70,0.60,0.77
1.575,5.7,29.3,0,0,-0.55,0.56,0.94
1.575,5.4,30.1,0,0,-0.39,0.52,1.10
1.576,5.1,30.9,0,0,-0.24,0.48,1.27
1.576,4.8,31.6,0,0,-0.08,0.44,1.43
1.577,4.5,32.4,0,0,0.08,0.44,1.43
1.577,4.5,32.4,0,0,0.05,0.54,1.35
1.589,4.9,33.0,0,0,0.02,0.64,1.26
1.589,5.3,33.5,0,0,-0.00,0.73,1.18
1.590,5.8,34.1,0,0,-0.03,0.83,1.10
1.590,6.2,34.7,0,0,-0.05,0.93,1.01
1.591,6.7,35.2,0,0,-0.05,0.93,1.01
1.591,6.7,35.2,0,0,-0.05,0.93,1.01
1.592,6.7,35.2,0,0,-0.05,0.93,1.01
1.592,6.7,35.2,0,0,-0.05,0.93,1.01
1.640,8.5,37.1,0,0,0.23,0.72,1.13
1.641,10.4,39.1,0,0,0.50,0.51,1.24
1.641,12.2,41.0,0,0,0.78,0.31,1.36
1.642,14.1,42.9,0,0,1.06,0.10,1.47
1.642,15.9,44.8,0,0,1.34,-0.11,1.58
1.643,15.9,44.8,0,0,1.34,-0.11,1.58
1.643,15.9,44.8,0,0,1.34,0.01,1.38
1.655,16.4,44.3,0,0,1.27,0.13,1.19
1.655,16.9,43.9,0,0,1.21,0.25,0.99
1.656,17.4,43.4,0,0,1.14,0.37,0.79
1.656,17.9,42.9,0,0,1.08,0.50,0.60
1.657,18.4,42.4,0,0,1.01,0.50,0.60
1.657,18.4,42.4,0,0,1.01,0.50,0.60
1.658,18.4,42.4,0,0,1.01,0.50,0.60
1.658,19.6,41.9,0,0,0.93,0.52,0.66
1.704,20.7,41.4,0,0,0.85,0.54,0.72
1.705,21.9,40.9,0,0,0.77,0.56,0.78
1.705,23.1,40.5,0,0,0.70,0.58,0.85
1.706,24.3,40.0,0,0,0.62,0.60,0.91
1.706,24.3,40.0,0,0,0.62,0.60,0.91
1.707,24.3,40.0,0,0,0.62,0.60,0.91
1.707,24.3,40.0,0,0,0.62,0.60,0.91
1.708,24.3,40.0,0,0,0.62,0.60,0.91
1.708,24.3,40.0,0,0,0.62,0.44,0.96
1.720,24.5,39.4,0,0,0.70,0.28,1.01
1.720,24.8,38.9,0,0,0.79,0.12,1.06
1.721,25.0,38.4,0,0,0.88,-0.04,1.12
1.721,25.2,37.8,0,0,0.96,-0.20,1.17
1.722,25.5,37.1,0,0,1.04,-0.16,1.10
1.770,25.0,35.5,0,0,0.87,-0.17,1.02
1.770,24.6,33.8,0,0,0.71,-0.17,0.95
1.771,24.1,32.2,0,0,0.54,-0.18,0.87
1.771,23.6,30.6,0,0,0.38,-0.18,0.80
1.772,23.2,29.2,0,0,0.23,-0.23,0.80
1.772,23.2,29.2,0,0,0.23,-0.23,0.80
1.773,23.2,29.2,0,0,0.23,-0.23,0.80
1.773,23.2,29.2,0,0,0.23,-0.23,0.80
1.774,23.2,29.2,0,0,0.23,-0.23,0.80
1.774,23.2,29.2,0,0,0.23,-0.23,0.74
1.786,23.3,28.4,0,0,0.23,-0.13,0.67
1.786,23.4,27.6,0,0,0.23,-0.04,0.61
1.787,23.5,26.7,0,0,0.23,0.06,0.55
1.787,23.1,25.5,0,0,0.05,0.15,0.60
1.823,22.6,24.2,0,0,-0.12,0.24,0.71
1.836,21.8,24.0,0,0,-0.20,0.19,0.46
1.836,21.0,23.8,0,0,-0.27,0.14,0.21
1.837,20.2,23.6,0,0,-0.35,0.09,-0.05
1.837,19.9,23.8,0,0,-0.25,0.03,-0.41
1.838,19.6,24.1,0,0,-0.16,-0.02,-0.78
1.838,19.6,24.1,0,0,-0.16,-0.02,-0.78
1.839,19.6,24.1,0,0,-0.16,-0.02,-0.78
1.839,19.6,24.1,0,0,-0.16,-0.02,-0.78
1.840,19.6,24.1,0,0,-0.16,-0.02,-0.78
1.840,19.6,24.1,0,0,-0.16,-0.02,-0.15
1.852,19.5,23.6,0,0,-0.23,0.04,0.47
1.852,19.3,23.2,0,0,-0.30,-0.04,0.92
1.888,19.5,22.9,0,0,-0.62,-0.13,1.37
1.889,19.7,22.7,0,0,-0.93,-0.21,1.82
1.889,19.9,22.5,0,0,-1.24,-0.46,1.60
1.902,20.5,23.3,0,0,-1.32,-0.76,1.37
1.902,21.2,24.1,0,0,-1.40,-0.92,1.32
1.903,21.5,24.7,0,0,-1.23,-1.08,1.27
1.903,21.8,25.3,0,0,-1.06,-1.24,1.22
1.904,22.1,25.9,0,0,-0.90,-1.24,1.22
1.904,22.1,25.9,0,0,-0.90,-1.24,1.22
1.905,22.1,25.9,0,0,-0.90,-1.24,1.22
1.905,22.1,25.9,0,0,-0.90,-1.24,1.22
1.906,22.1,25.9,0,0,-0.90,-1.24,1.22
1.906,22.1,25.9,0,0,-0.99,-1.08,1.21
1.918,21.9,26.5,0,0,-1.01,-1.04,1.39
1.954,21.7,27.2,0,0,-1.03,-1.01,1.57
1.954,21.5,27.9,0,0,-1.06,-0.97,1.74
1.955,21.4,28.5,0,0,-1.08,-0.93,1.92
1.955,21.2,29.2,0,0,-1.01,-1.05,1.92
1.967,21.1,29.4,0,0,-0.87,-1.03,1.72
1.967,21.0,29.6,0,0,-0.74,-1.02,1.53
1.968,21.0,29.7,0,0,-0.61,-1.00,1.33
1.968,20.9,29.9,0,0,-0.48,-0.99,1.14
1.969,20.8,30.1,0,0,-0.34,-0.97,1.14
1.969,20.8,30.1,0,0,-0.34,-0.97,1.14
1.970,20.8,30.1,0,0,-0.34,-0.97,1.14
1.970,20.8,30.1,0,0,-0.34,-0.97,1.14
1.971,20.8,30.1,0,0,-0.32,-0.85,1.16
2.018,20.3,31.5,0,0,-0.30,-0.72,1.18
2.018,19.7,33.0,0,0,-0.28,-0.60,1.20
2.019,19.1,34.4,0,0,-0.26,-0.48,1.22
2.019,18.6,35.8,0,0,-0.24,-0.35,1.24
2.020,18.0,37.3,0,0,-0.24,-0.35,1.24
2.020,18.0,37.3,0,0,-0.24,-0.35,1.24
2.021,18.0,36.7,0,0,-0.35,-0.44,1.37
2.033,18.0,36.2,0,0,-0.46,-0.53,1.49
2.034,17.9,35.7,0,0,-0.56,-0.61,1.61
2.034,17.9,35.1,0,0,-0.67,-0.70,1.73
2.035,17.8,34.6,0,0,-0.78,-0.79,1.86
2.035,17.8,34.6,0,0,-0.78,-0.79,1.86
2.036,17.8,34.6,0,0,-0.78,-0.79,1.86
2.082,17.8,35.6,0,0,-0.48,-0.59,1.63
2.083,17.8,36.6,0,0,-0.19,-0.39,1.41
2.083,17.8,37.6,0,0,0.11,-0.20,1.19
2.084,17.8,38.6,0,0,0.41,0.00,0.96
2.084,17.8,39.6,0,0,0.70,0.20,0.74
2.084,17.8,39.6,0,0,0.70,0.20,0.74
2.085,17.8,39.6,0,0,0.70,0.20,0.74
2.085,17.8,39.6,0,0,0.70,0.20,0.74
2.086,17.8,39.6,0,0,0.70,0.20,0.74
2.086,17.8,39.6,0,0,0.70,0.51,0.70
2.099,17.9,40.9,0,0,0.61,0.82,0.66
2.099,18.1,42.2,0,0,0.51,1.13,0.62
2.100,18.2,43.6,0,0,0.42,1.45,0.58
2.100,18.3,44.9,0,0,0.32,1.76,0.53
2.101,18.5,45.9,0,0,0.35,1.55,0.79
2.135,18.5,45.6,0,0,0.17,1.49,0.89
2.148,19.1,45.7,0,0,-0.01,1.43,1.00
2.149,19.7,45.7,0,0,-0.19,1.38,1.10
2.149,20.3,45.8,0,0,-0.37,1.32,1.20
2.149,20.9,46.1,0,0,-0.68,1.47,1.05
2.150,21.5,46.5,0,0,-0.68,1.47,1.05
2.150,21.5,46.5,0,0,-0.68,1.47,1.05
2.151,21.5,46.5,0,0,-0.68,1.47,1.05
2.151,21.5,46.5,0,0,-0.68,1.47,1.05
2.152,21.5,46.5,0,0,-0.68,1.47,1.05
2.152,21.5,46.5,0,0,-0.30,1.45,0.88
2.165,22.0,45.9,0,0,0.08,1.43,0.72
2.165,22.5,45.4,0,0,0.45,1.40,0.55
2.200,23.7,45.3,0,0,0.94,1.27,0.61
2.201,25.0,45.3,0,0,1.43,1.13,0.66
2.201,26.2,45.3,0,0,1.54,1.02,0.89
2.202,26.9,46.1,0,0,1.40,0.92,1.14
2.214,27.5,46.9,0,0,1.26,0.82,1.39
2.215,27.4,47.2,0,0,1.01,0.84,1.42
2.215,27.3,47.5,0,0,0.76,0.85,1.44
2.216,27.2,47.8,0,0,0.52,0.87,1.46
2.216,27.2,47.8,0,0,0.52,0.87,1.46
2.217,27.2,47.8,0,0,0.52,0.87,1.46
2.217,27.2,47.8,0,0,0.52,0.87,1.46
2.218,27.2,47.8,0,0,0.52,0.87,1.46
2.218,27.2,47.8,0,0,0.52,0.87,1.46
2.218,27.2,47.8,0,0,0.54,0.69,1.53
2.231,27.2,45.2,0,0,0.57,0.45,1.42
2.395,22.6,41.8,0,0,0.62,0.48,0.96
2.444,17.8,38.3,0,0,0.67,0.51,0.50
2.445,13.0,34.9,0,0,0.73,0.54,0.05
2.445,8.2,31.4,0,0,0.75,0.75,-0.48
2.446,3.3,30.5,0,0,0.77,1.01,-0.84
2.446,3.2,30.5,0,0,0.77,1.01,-0.84
2.447,3.2,30.5,0,0,0.77,1.01,-0.84
2.447,3.2,30.5,0,0,0.77,1.01,-0.84
2.447,3.2,30.5,0,0,0.77,1.01,-0.84
2.448,3.2,30.5,0,0,0.77,1.01,-0.84
2.449,3.2,30.5,0,0,0.77,1.01,-0.84
2.449,3.2,30.5,0,0,0.77,1.01,-0.84
2.449,3.2,30.5,0,0,0.62,0.98,0.14
2.460,3.9,30.1,0,0,0.40,1.11,0.23
2.498,6.8,30.2,0,0,0.19,1.23,0.32
2.498,9.7,30.4,0,0,-0.03,1.35,0.41
2.499,12.5,31.2,0,0,-0.31,1.16,0.87
2.510,15.3,32.0,0,0,-0.44,1.00,0.36
2.511,17.5,33.2,0,0,-0.50,0.69,0.73
2.511,17.4,33.8,0,0,-0.57,0.37,1.10
2.512,17.2,34.5,0,0,-0.64,0.06,1.47
2.512,17.2,34.5,0,0,-0.64,0.06,1.47
2.513,17.2,34.5,0,0,-0.64,0.06,1.47
2.513,17.2,34.5,0,0,-0.64,0.06,1.47
2.514,17.2,34.5,0,0,-0.64,0.06,1.47
2.514,17.2,34.5,0,0,-0.64,0.06,1.47
2.515,17.2,34.5,0,0,-0.64,0.06,1.47
2.515,17.2,34.5,0,0,-0.37,0.10,1.34
2.562,17.5,32.1,0,0,-0.10,0.14,1.22
2.562,17.7,29.6,0,0,0.17,0.18,1.10
2.563,18.0,27.2,0,0,0.44,0.22,0.97
2.563,18.2,24.8,0,0,0.71,0.26,0.85
2.575,17.7,22.2,0,0,0.41,0.09,0.98
2.575,17.0,22.0,0,0,0.10,-0.08,1.11
2.576,16.2,21.7,0,0,-0.21,-0.25,1.24
2.576,15.5,21.5,0,0,-0.52,-0.42,1.38
2.577,14.7,21.3,0,0,-0.82,-0.59,1.51
2.577,14.7,21.3,0,0,-0.82,-0.59,1.51
2.578,14.7,21.3,0,0,-0.82,-0.59,1.51
2.578,14.7,21.3,0,0,-0.82,-0.59,1.51
2.579,14.7,21.3,0,0,-0.82,-0.59,1.51
2.579,14.7,22.8,0,0,-0.73,-0.68,1.27
2.627,13.6,24.3,0,0,-0.64,-0.77,1.03
2.628,12.5,25.8,0,0,-0.55,-0.86,0.79
2.628,11.4,27.3,0,0,-0.45,-0.95,0.55
2.629,10.2,28.8,0,0,-0.36,-1.04,0.32
2.629,9.1,28.8,0,0,-0.36,-1.04,0.32
2.630,9.1,27.9,0,0,-0.31,-0.85,0.63
2.641,8.9,26.9,0,0,-0.27,-0.66,0.95
2.642,8.8,26.0,0,0,-0.22,-0.47,1.26
2.642,8.6,25.0,0,0,-0.17,-0.28,1.58
2.643,8.4,24.1,0,0,-0.13,-0.09,1.90
2.643,8.2,24.1,0,0,-0.13,-0.09,1.90
2.644,8.2,24.1,0,0,-0.13,-0.09,1.90
2.644,8.2,24.1,0,0,-0.13,-0.09,1.90
2.692,8.4,26.1,0,0,-0.14,-0.05,1.70
2.692,8.7,28.2,0,0,-0.15,-0.01,1.50
2.693,8.9,30.2,0,0,-0.16,0.04,1.30
2.693,9.1,32.3,0,0,-0.18,0.08,1.10
2.694,9.4,34.3,0,0,-0.19,0.13,0.90
2.694,9.4,34.3,0,0,-0.19,0.13,0.90
2.695,9.4,34.3,0,0,-0.19,0.13,0.90
2.695,9.4,34.3,0,0,0.01,0.29,0.68
2.707,9.6,33.5,0,0,0.21,0.46,0.47
2.708,9.9,32.6,0,0,0.41,0.63,0.25
2.708,10.2,31.7,0,0,0.61,0.79,0.04
2.709,10.5,30.8,0,0,0.81,0.96,-0.18
2.709,10.8,30.0,0,0,0.81,0.96,-0.18
2.710,10.8,30.0,0,0,0.81,0.96,-0.18
2.710,12.6,31.4,0,0,0.73,0.99,0.03
2.757,14.4,32.8,0,0,0.66,1.02,0.23
2.758,16.2,34.3,0,0,0.58,1.05,0.43
2.758,18.0,35.7,0,0,0.51,1.09,0.64
2.759,19.9,37.1,0,0,0.43,1.12,0.84
2.759,19.9,37.1,0,0,0.43,1.12,0.84
2.760,19.9,37.1,0,0,0.43,1.12,0.84
2.760,19.9,37.1,0,0,0.43,1.12,0.84
2.761,19.9,37.1,0,0,0.43,1.12,0.84
2.761,19.9,37.1,0,0,0.43,1.05,1.06
2.772,20.8,37.3,0,0,0.36,0.99,1.27
2.772,21.7,37.5,0,0,0.29,0.92,1.49
2.773,22.6,37.7,0,0,0.22,0.86,1.71
2.773,23.5,37.9,0,0,0.15,0.80,1.93
2.774,24.5,38.8,0,0,0.32,0.48,1.95
2.822,25.5,39.6,0,0,0.57,0.16,1.96
2.823,26.6,40.4,0,0,0.81,-0.16,1.98
2.823,27.6,41.2,0,0,1.06,-0.47,2.00
2.824,28.7,42.0,0,0,1.30,-0.79,2.02
2.824,29.8,42.0,0,0,1.30,-0.79,2.02
2.825,29.8,42.0,0,0,1.30,-0.79,2.02
2.825,29.8,42.0,0,0,1.30,-0.79,2.02
2.826,29.8,42.0,0,0,1.30,-0.79,2.02
2.826,29.8,42.0,0,0,1.30,-0.79,1.58
2.837,30.1,41.4,0,0,0.95,-0.53,1.14
2.837,30.4,40.8,0,0,0.59,-0.28,0.71
2.838,30.7,40.2,0,0,0.24,-0.02,0.27
2.838,31.0,39.6,0,0,-0.11,0.24,-0.17
2.839,30.7,37.4,0,0,-0.21,0.44,0.06
2.887,30.2,35.9,0,0,0.05,0.39,0.29
2.888,29.6,34.4,0,0,0.31,0.34,0.52
2.888,29.1,32.9,0,0,0.57,0.28,0.74
2.889,28.5,31.4,0,0,0.83,0.23,0.97
2.889,28.5,31.4,0,0,0.83,0.23,0.97
2.890,28.5,31.4,0,0,0.83,0.23,0.97
2.890,28.5,31.4,0,0,0.83,0.23,0.97
2.891,28.5,31.4,0,0,0.83,0.23,0.97
2.891,28.5,31.4,0,0,0.83,0.18,0.95
2.903,27.4,31.3,0,0,0.80,0.14,0.92
2.903,26.2,31.2,0,0,0.77,0.10,0.90
2.904,25.1,31.2,0,0,0.74,0.05,0.87
2.904,24.0,31.1,0,0,0.71,0.01,0.84
2.905,22.8,31.0,0,0,0.90,-0.13,0.83
2.953,20.2,29.7,0,0,1.11,-0.27,0.82
2.954,17.6,28.4,0,0,1.33,-0.40,0.80
2.954,15.0,27.1,0,0,1.54,-0.54,0.79
2.955,12.4,25.8,0,0,1.76,-0.68,0.78
2.955,9.9,24.5,0,0,1.76,-0.68,0.78
2.956,9.9,24.5,0,0,1.76,-0.68,0.78
2.956,9.9,24.5,0,0,1.76,-0.68,0.78
2.957,9.9,24.5,0,0,1.76,-0.68,0.78
2.957,9.9,24.5,0,0,1.76,-0.68,0.78
2.958,9.9,24.9,0,0,1.16,-0.37,1.07
2.969,9.8,25.3,0,0,0.56,-0.06,1.36
2.970,9.8,25.7,0,0,-0.03,0.25,1.65
2.970,9.8,26.1,0,0,-0.63,0.55,1.94
2.971,9.8,26.5,0,0,-1.15,0.78,2.08
3.018,10.0,27.3,0,0,-1.08,0.70,1.93
3.019,10.2,28.1,0,0,-1.01,0.62,1.78
3.019,10.5,28.9,0,0,-0.94,0.54,1.62
3.020,10.7,29.7,0,0,-0.87,0.46,1.47
3.020,10.9,30.5,0,0,-0.87,0.46,1.47
3.021,10.9,30.5,0,0,-0.87,0.46,1.47
3.021,10.9,30.5,0,0,-0.87,0.46,1.47
3.022,10.9,30.5,0,0,-0.87,0.46,1.47
3.022,10.9,30.5,0,0,-0.87,0.46,1.47
3.023,11.4,30.7,0,0,-0.67,0.64,1.39
3.034,11.9,30.8,0,0,-0.48,0.81,1.31
3.035,12.4,31.0,0,0,-0.28,0.99,1.23
3.035,12.9,31.2,0,0,-0.09,1.16,1.15
3.036,13.4,32.5,0,0,0.03,1.12,1.30
3.071,15.4,33.6,0,0,-0.05,0.90,1.39
3.084,18.3,35.7,0,0,-0.03,0.78,1.49
3.084,21.2,37.7,0,0,-0.01,0.66,1.58
3.085,24.1,39.8,0,0,0.01,0.54,1.67
3.085,27.0,40.7,0,0,0.11,0.64,1.53
3.086,27.9,41.6,0,0,0.21,0.74,1.53
3.086,27.9,41.6,0,0,0.21,0.74,1.53
3.087,27.9,41.6,0,0,0.21,0.74,1.53
3.087,27.9,41.6,0,0,0.21,0.74,1.53
3.088,27.9,41.6,0,0,0.21,0.74,1.53
3.088,27.9,41.6,0,0,0.21,0.74,1.53
3.100,29.8,41.0,0,0,0.07,0.59,1.25
3.100,31.7,40.5,0,0,-0.07,0.45,0.97
3.101,33.6,39.9,0,0,-0.42,0.38,1.19
3.136,36.4,40.2,0,0,-0.76,0.31,1.42
3.137,39.2,40.6,0,0,-1.11,0.24,1.65
3.137,40.1,41.6,0,0,-1.31,0.32,2.19
3.149,41.2,43.1,0,0,-1.07,0.24,2.74
3.149,42.3,44.6,0,0,-0.62,0.08,2.77
3.150,42.4,45.1,0,0,-0.18,-0.07,2.81
3.150,42.6,45.6,0,0,0.27,-0.23,2.85
3.151,42.7,46.1,0,0,0.71,-0.38,2.85
3.151,42.7,46.1,0,0,0.71,-0.38,2.85
3.152,42.7,46.1,0,0,0.71,-0.38,2.85
3.152,42.7,46.1,0,0,0.71,-0.38,2.85
3.153,42.7,46.1,0,0,0.71,-0.38,2.85
3.153,42.7,46.1,0,0,0.71,-0.38,2.85
3.165,42.9,46.1,0,0,0.34,-0.56,2.75
3.200,42.3,46.0,0,0,-0.02,-0.74,2.65
3.201,41.7,46.0,0,0,-0.39,-0.92,2.55
3.201,41.1,45.9,0,0,-0.76,-1.09,2.45
3.202,40.5,45.9,0,0,-1.13,-1.27,2.35
3.202,39.7,45.9,0,0,-1.07,-1.09,2.75
3.214,39.0,45.7,0,0,-1.01,-0.92,3.14
3.214,38.4,45.4,0,0,-0.96,-0.74,3.54
3.215,37.7,45.2,0,0,-0.90,-0.56,3.94
3.215,37.0,45.0,0,0,-0.84,-0.39,4.34
3.216,36.3,44.8,0,0,-0.84,-0.39,4.34
3.216,36.3,44.8,0,0,-0.84,-0.39,4.34
3.217,36.3,44.8,0,0,-0.84,-0.39,4.34
3.217,36.3,44.8,0,0,-0.84,-0.34,3.86
3.264,34.3,43.7,0,0,-0.66,-0.30,3.37
3.265,32.3,42.6,0,0,-0.49,-0.26,2.89
3.265,30.2,41.5,0,0,-0.31,-0.22,2.41
3.266,28.2,40.4,0,0,-0.13,-0.18,1.92
3.266,26.2,39.3,0,0,0.05,-0.18,1.92
3.267,26.2,39.3,0,0,0.05,-0.18,1.92
3.267,26.2,39.3,0,0,0.05,-0.18,1.92
3.268,25.4,39.2,0,0,0.94,-0.21,1.45
3.280,24.5,39.2,0,0,1.83,-0.25,0.98
3.281,23.7,39.1,0,0,2.72,-0.29,0.51
3.281,22.8,39.0,0,0,3.61,-0.33,0.04
3.282,22.0,38.9,0,0,4.51,-0.37,-0.43
3.282,22.0,38.9,0,0,4.51,-0.37,-0.43
3.283,22.0,38.9,1,0,3.68,-0.14,-0.20
3.329,19.3,36.7,1,0,2.86,0.08,0.02
3.330,16.5,34.4,1,0,2.04,0.31,0.25
3.330,13.8,32.1,1,0,1.22,0.53,0.48
3.331,11.1,29.8,1,0,0.40,0.76,0.71
3.331,8.4,27.5,1,0,0.40,0.76,0.71
3.332,8.4,27.5,1,0,0.40,0.76,0.71
3.469,7.4,23.3,1,0,0.27,0.67,0.48
3.505,6.5,19.1,1,0,0.14,0.58,0.25
3.505,5.5,14.9,1,0,0.01,0.49,0.03
3.506,4.7,10.4,1,0,-0.04,0.38,-0.19
3.518,3.9,5.9,1,0,-0.09,0.27,-0.40
3.519,4.0,5.6,1,0,-0.02,0.26,-0.38
3.519,4.1,5.3,1,0,0.06,0.24,-0.37
3.520,4.2,5.0,1,0,0.14,0.22,0.52
3.556,8.1,5.2,1,0,0.06,0.33,0.64
3.567,13.6,5.6,0,0,0.08,0.14,0.76
3.567,19.1,6.0,0,0,0.10,-0.06,0.88
3.568,24.6,6.4,0,0,0.11,-0.25,1.00
3.568,30.1,6.8,0,0,0.13,-0.45,0.24
3.569,31.6,6.9,0,0,0.23,-0.76,0.24
3.569,31.6,6.9,0,0,0.23,-0.76,0.24
3.570,31.6,6.9,0,0,0.23,-0.76,0.24
3.570,31.6,6.9,0,0,0.23,-0.76,0.24
3.571,31.6,6.9,0,0,0.23,-0.76,0.24
3.571,31.6,6.9,0,0,0.23,-0.76,0.24
3.584,31.3,7.1,0,0,-0.00,-0.55,-0.31
3.584,31.0,7.4,0,0,-0.24,-0.35,-0.87
3.585,30.7,7.6,0,0,-0.47,-0.14,-1.42
3.621,30.5,13.4,0,0,-0.87,0.49,-0.61
3.621,30.2,19.2,0,0,-1.28,1.13,0.21
3.622,30.8,24.9,0,0,-0.88,1.11,1.19
3.632,31.4,30.6,0,0,-0.49,1.10,2.18
3.633,32.0,36.3,0,0,-0.09,1.08,3.17
3.633,32.5,36.4,0,0,0.48,0.63,2.79
3.634,33.0,36.5,0,0,1.05,0.19,2.41
3.634,33.0,36.5,0,0,1.05,0.19,2.41
3.635,33.0,36.5,0,0,1.05,0.19,2.41
3.635,33.0,36.5,0,0,1.05,0.19,2.41
3.636,33.0,36.5,0,0,1.05,0.19,2.41
3.636,33.0,36.5,0,0,1.05,0.19,2.41
3.637,33.1,35.6,0,0,0.67,-0.19,1.58
3.649,33.2,34.8,0,0,0.29,-0.57,0.75
3.686,33.5,34.0,0,0,-0.31,-0.50,0.48
3.687,33.7,33.2,0,0,-0.92,-0.43,0.20
3.687,34.0,32.5,0,0,-1.53,-0.35,-0.07
3.688,33.6,35.6,0,0,-1.08,0.62,0.82
3.698,33.2,38.7,0,0,-0.63,1.60,1.72
3.699,32.7,41.7,0,0,0.06,2.12,2.06
3.699,32.2,44.7,0,0,0.74,2.64,2.40
3.700,31.6,47.7,0,0,1.42,3.17,2.74
3.700,31.6,47.7,0,0,1.42,3.17,2.74
3.701,31.6,47.7,0,0,1.42,3.17,2.74
3.701,31.6,47.7,0,0,1.42,3.17,2.74
3.702,31.6,47.7,0,0,1.42,3.17,2.74
3.702,31.6,47.7,0,0,1.42,3.17,2.74
3.703,31.8,49.1,0,0,1.03,2.29,2.76
3.752,32.9,50.0,0,0,0.98,1.85,2.79
3.752,33.9,50.9,0,0,0.93,1.41,2.81
3.753,34.9,51.8,0,0,0.88,0.97,2.84
3.753,36.0,52.8,0,0,0.82,0.52,2.86
3.754,37.3,51.9,0,0,0.84,0.54,2.56
3.764,37.7,51.5,0,0,0.52,0.12,2.26
3.765,38.2,51.2,0,0,0.20,-0.30,1.95
3.765,38.6,50.8,0,0,-0.12,-0.72,1.65
3.766,39.1,50.5,0,0,-0.44,-1.14,1.35
3.766,39.1,50.5,0,0,-0.44,-1.14,1.35
3.767,39.1,50.5,0,0,-0.44,-1.14,1.35
3.767,39.1,50.5,0,0,-0.44,-1.14,1.35
3.768,39.1,50.5,0,0,-0.44,-1.14,1.35
3.768,39.1,50.5,0,0,-0.44,-0.74,1.32
3.816,38.6,50.0,0,0,-0.35,-0.34,1.30
3.816,38.0,49.6,0,0,-0.25,0.06,1.28
3.817,37.5,49.2,0,0,-0.16,0.46,1.25
3.817,37.0,48.7,0,0,-0.07,0.86,1.23
3.818,36.5,48.3,0,0,0.03,0.86,1.23
3.818,36.5,48.3,0,0,0.08,0.77,1.14
3.829,36.4,48.0,0,0,0.14,0.67,1.06
3.829,36.3,47.7,0,0,0.20,0.58,0.98
3.830,36.2,47.4,0,0,0.26,0.49,0.89
3.830,36.0,47.2,0,0,0.31,0.39,0.81
3.831,35.9,46.9,0,0,0.31,0.39,0.81
3.831,35.9,46.9,0,0,0.31,0.39,0.81
3.832,35.9,46.9,0,0,0.31,0.39,0.81
3.832,35.9,46.9,0,0,0.31,0.39,0.73
3.881,35.0,45.5,0,0,0.19,0.32,0.65
3.882,34.1,44.1,0,0,0.06,0.24,0.57
3.882,33.2,42.7,0,0,-0.07,0.17,0.49
3.883,32.3,41.4,0,0,-0.20,0.09,0.42
3.883,31.4,40.0,0,0,-0.32,0.02,0.42
3.884,31.4,40.0,0,0,-0.32,0.02,0.42
3.884,31.4,40.0,0,0,-0.32,0.02,0.42
3.885,31.1,39.5,0,0,-0.04,0.11,0.24
3.895,30.8,39.0,0,0,0.25,0.19,0.07
3.896,30.6,38.6,0,0,0.54,0.28,-0.11
3.896,30.3,38.1,0,0,0.83,0.37,-0.28
3.897,30.0,37.7,0,0,1.12,0.46,-0.46
3.897,30.0,37.7,0,0,1.12,0.46,-0.46
3.898,30.0,37.7,0,0,1.12,0.46,-0.16
3.947,29.9,39.5,0,0,0.89,0.45,0.13
3.947,29.7,41.3,0,0,0.65,0.44,0.42
3.948,29.5,43.1,0,0,0.41,0.43,0.71
3.948,29.3,44.9,0,0,0.17,0.42,1.00
3.949,29.2,46.8,0,0,-0.06,0.42,1.00
3.949,29.2,46.8,0,0,-0.06,0.42,1.00
3.950,29.2,46.8,0,0,-0.06,0.42,1.00
3.950,29.2,46.8,0,0,-0.06,0.42,1.00
3.951,29.9,46.8,0,0,0.02,0.40,1.21
3.961,30.7,46.8,0,0,0.11,0.37,1.42
3.962,31.4,46.8,0,0,0.19,0.35,1.64
3.962,32.2,46.9,0,0,0.28,0.33,1.85
3.963,32.9,46.9,0,0,0.36,0.30,2.06
3.963,32.9,46.9,0,0,0.36,0.30,1.83
4.011,34.2,48.0,0,0,0.42,0.34,1.61
4.012,35.5,49.2,0,0,0.47,0.39,1.39
4.012,36.8,50.3,0,0,0.53,0.43,1.17
4.013,38.1,51.5,0,0,0.59,0.47,0.94
4.013,39.3,52.6,0,0,0.65,0.51,0.94
4.014,39.3,52.6,0,0,0.65,0.51,0.94
4.014,39.3,52.6,0,0,0.65,0.51,0.94
4.015,39.3,52.6,0,0,0.65,0.51,0.94
4.015,39.3,52.6,0,0,0.65,0.51,0.94
4.016,39.3,52.6,0,0,0.65,0.51,0.94
4.016,39.3,52.6,0,0,0.65,0.51,0.94
4.017,39.3,53.5,0,0,0.50,0.42,1.10
4.027,39.2,54.3,0,0,0.36,0.34,1.25
4.028,39.0,55.2,0,0,0.22,0.25,1.40
4.065,37.9,55.3,0,0,0.03,-0.00,1.57
4.066,35.4,55.7,0,0,-0.11,-0.38,1.56
4.077,32.9,55.2,0,0,-0.10,-0.68,1.38
4.078,30.6,54.8,0,0,-0.10,-0.98,1.21
4.078,28.3,54.4,0,0,-0.09,-1.28,1.04
4.079,26.9,54.7,0,0,-0.03,-1.41,0.85
4.079,26.9,54.7,0,0,-0.03,-1.41,0.85
4.080,26.9,54.7,0,0,-0.03,-1.41,0.85
4.080,26.9,54.7,0,0,-0.03,-1.41,0.85
4.081,26.9,54.7,0,0,-0.03,-1.41,0.85
4.081,26.9,54.7,0,0,-0.03,-1.41,0.85
4.082,26.9,54.7,0,0,-0.03,-1.41,0.85
4.082,26.9,54.7,0,0,-0.03,-1.41,0.85
4.083,25.6,54.4,0,0,0.02,-1.27,0.99
4.130,21.7,54.1,0,0,0.06,-1.14,1.13
4.131,17.9,53.8,0,0,0.11,-1.01,1.28
4.131,14.1,53.5,0,0,0.16,-0.88,1.42
4.143,9.9,53.6,0,0,0.18,-0.64,1.52
4.143,7.0,54.0,0,0,0.15,-0.53,1.49
4.144,6.6,54.4,0,0,0.12,-0.43,1.45
4.144,6.2,54.8,0,0,0.09,-0.32,1.41
4.145,5.7,55.2,0,0,0.05,-0.22,1.38
4.145,5.7,55.2,0,0,0.05,-0.22,1.38
4.146,5.7,55.2,0,0,0.05,-0.22,1.38
4.146,5.7,55.2,0,0,0.05,-0.22,1.38
4.147,5.7,55.2,0,0,0.05,-0.22,1.38
4.147,5.7,55.2,0,0,0.05,-0.22,1.38
4.148,5.7,55.2,0,0,0.05,-0.08,1.33
4.194,6.0,54.0,0,0,-0.03,0.07,1.28
4.195,6.2,52.8,0,0,-0.12,0.21,1.23
4.195,6.4,51.5,0,0,-0.20,0.35,1.17
4.196,6.7,50.3,0,0,-0.29,0.49,1.12
4.196,6.9,49.1,0,0,-0.38,0.49,0.99
4.208,6.6,47.7,0,0,-0.26,0.35,0.86
4.208,6.3,46.3,0,0,-0.14,0.20,0.73
4.209,6.0,45.0,0,0,-0.02,0.06,0.60
4.209,5.8,43.6,0,0,0.09,-0.08,0.46
4.210,5.5,42.3,0,0,0.21,-0.23,0.46
4.210,5.5,42.3,0,0,0.21,-0.23,0.46
4.211,5.5,42.3,0,0,0.21,-0.23,0.46
4.211,5.5,42.3,0,0,0.21,-0.23,0.46
4.212,5.5,42.3,0,0,0.21,-0.23,0.23
4.259,5.4,38.4,0,0,0.13,-0.30,-0.00
4.260,5.3,34.6,0,0,0.04,-0.37,-0.24
4.260,5.3,30.7,0,0,-0.05,-0.45,-0.47
4.261,5.2,26.9,0,0,-0.13,-0.52,-0.70
4.261,5.1,23.1,0,0,-0.22,-0.60,-0.70
4.262,5.1,23.1,0,0,-0.22,-0.60,-0.70
4.262,5.1,23.1,0,0,-0.22,-0.55,-0.54
4.274,5.2,21.7,0,0,-0.07,-0.49,-0.38
4.274,5.3,20.3,0,0,0.07,-0.44,-0.22
4.275,5.4,18.9,0,0,0.22,-0.39,-0.06
4.275,5.5,17.5,0,0,0.36,-0.34,0.10
4.276,5.6,16.1,0,0,0.51,-0.34,0.10
4.276,5.6,16.1,0,0,0.51,-0.34,0.10
4.277,5.6,16.1,0,0,0.51,-0.24,0.09
4.324,5.2,14.0,0,0,0.46,-0.14,0.08
4.325,4.8,11.8,0,0,0.41,-0.04,0.07
4.325,4.4,9.7,0,0,0.36,0.07,0.06
4.326,3.9,7.5,0,0,0.32,0.17,0.05
4.326,3.5,5.4,0,0,0.27,0.17,0.05
4.327,3.5,5.4,0,0,0.27,0.17,0.05
4.327,3.5,5.4,0,0,0.27,0.17,0.05
4.328,3.5,5.4,0,0,0.27,0.17,0.05
4.328,3.5,5.4,0,0,0.27,0.17,0.05
4.329,3.4,5.3,0,0,0.16,0.28,0.14
4.340,3.3,5.2,0,0,0.05,0.40,0.22
4.341,3.1,5.1,0,0,-0.06,0.52,0.31
4.341,3.0,5.0,0,0,-0.17,0.63,0.40
4.342,2.9,4.9,0,0,-0.29,0.75,0.49
4.342,2.9,4.9,0,0,-0.25,0.70,0.35
4.377,3.1,5.7,0,0,-0.21,0.65,0.22
4.390,3.4,6.9,0,0,-0.16,0.59,0.09
4.390,3.7,8.1,0,0,-0.12,0.54,-0.05
4.391,3.9,9.3,0,0,-0.08,0.49,-0.18
4.391,4.2,10.5,0,0,-0.07,0.49,-0.17
4.392,4.2,10.9,0,0,-0.07,0.49,-0.17
4.392,4.2,10.9,0,0,-0.07,0.49,-0.17
4.393,4.2,10.9,0,0,-0.07,0.49,-0.17
4.393,4.2,10.9,0,0,-0.07,0.49,-0.17
4.394,4.2,10.9,0,0,-0.07,0.49,-0.17
4.536,8.8,12.3,0,0,-0.04,0.27,-0.32
4.572,13.4,13.8,0,0,-0.01,0.04,-0.47
4.572,18.0,15.2,0,0,0.01,-0.18,-0.63
4.585,22.6,22.2,0,0,0.04,-0.33,-0.06
4.621,28.5,31.7,0,0,0.06,-0.49,0.51
4.621,29.7,39.7,0,0,0.05,-0.42,1.24
4.622,31.0,47.7,0,0,0.05,-0.36,1.96
4.622,32.3,55.6,0,0,0.04,-0.29,2.68
4.623,35.1,58.9,0,0,0.07,-0.30,2.56
4.633,36.6,59.7,0,0,0.09,-0.32,2.45
4.634,38.1,60.6,0,0,0.12,-0.33,2.33
4.634,39.5,61.4,0,0,0.15,-0.34,2.21
4.635,41.0,62.3,0,0,0.18,-0.35,2.09
4.635,41.0,62.3,0,0,0.18,-0.35,2.09
4.636,41.0,62.3,0,0,0.18,-0.35,2.09
4.636,41.0,62.3,0,0,0.18,-0.35,2.09
4.637,41.0,62.3,0,0,0.18,-0.35,2.09
4.637,41.0,60.9,0,0,0.07,-0.18,1.74
4.686,43.3,59.6,0,0,-0.04,-0.01,1.39
4.687,45.5,58.3,0,0,-0.14,0.16,1.04
4.687,47.7,57.0,0,0,-0.25,0.33,0.69
4.688,49.9,55.7,0,0,-0.35,0.50,0.34
4.688,52.2,55.7,0,0,-0.35,0.50,0.34
4.689,52.2,56.0,0,0,-0.44,0.60,0.12
4.699,52.0,56.3,0,0,-0.52,0.70,-0.10
4.700,51.8,56.6,0,0,-0.61,0.80,-0.32
4.700,51.6,56.8,0,0,-0.70,0.90,-0.54
4.701,51.5,57.1,0,0,-0.78,1.00,-0.75
4.701,51.3,57.1,0,0,-0.78,1.00,-0.75
4.702,51.3,57.1,0,0,-0.78,1.00,-0.75
4.702,51.3,57.1,0,0,-0.78,1.00,-0.75
4.751,51.9,58.0,0,0,-0.39,0.71,0.05
4.751,52.5,58.9,0,0,-0.00,0.42,0.85
4.752,53.2,59.7,0,0,0.38,0.13,1.65
4.752,53.8,60.6,0,0,0.77,-0.16,2.45
4.753,54.4,61.5,0,0,1.16,-0.45,3.26
4.753,54.4,61.5,0,0,1.16,-0.45,3.26
4.754,54.4,61.5,0,0,1.16,-0.45,3.26
4.755,54.4,61.5,0,0,0.80,-0.13,2.81
4.765,54.8,63.0,0,0,0.44,0.19,2.36
4.765,55.3,64.5,0,0,0.09,0.50,1.91
4.766,55.7,65.9,0,0,-0.27,0.82,1.46
4.766,56.2,67.4,0,0,-0.63,1.13,1.01
4.767,56.6,68.9,0,0,-0.63,1.13,1.01
4.767,56.6,68.9,0,0,-0.63,1.13,1.72
4.815,56.8,69.6,0,0,-0.45,0.87,2.44
4.816,56.9,70.2,0,0,-0.28,0.61,3.16
4.816,57.1,70.9,0,0,-0.10,0.34,3.87
4.817,57.3,71.6,0,0,0.08,0.08,4.59
4.817,57.4,72.2,0,0,0.25,-0.18,4.59
4.818,57.4,72.2,0,0,0.25,-0.18,4.59
4.818,57.4,72.2,0,0,0.25,-0.18,4.59
4.819,57.4,72.2,0,0,0.25,-0.18,4.59
4.819,57.4,72.2,0,0,0.24,-0.30,4.45
4.830,57.5,72.3,0,0,0.23,-0.41,4.31
4.830,57.6,72.5,0,0,0.22,-0.53,4.17
4.831,57.8,72.6,0,0,0.21,-0.64,4.03
4.831,57.9,72.7,0,0,0.20,-0.75,3.89
4.832,58.0,72.8,0,0,0.20,-0.88,3.62
4.880,54.1,69.5,0,0,0.39,-1.01,3.36
4.881,50.2,66.3,0,0,0.58,-1.14,3.10
4.881,46.4,63.0,0,0,0.78,-1.27,2.84
4.882,42.5,59.7,0,0,0.97,-1.39,2.57
4.882,38.6,56.5,0,0,1.17,-1.39,2.57
4.883,38.6,56.5,0,0,1.17,-1.39,2.57
4.883,38.6,56.5,0,0,1.17,-1.39,2.57
4.884,38.6,56.5,0,0,1.17,-1.39,2.57
4.884,38.6,56.5,0,0,1.17,-1.39,2.57
4.885,38.6,56.5,0,0,1.17,-1.39,2.57
4.885,38.6,56.5,0,0,1.17,-0.86,2.69
4.896,37.1,54.3,0,0,0.72,-0.33,2.80
4.896,35.5,52.1,0,0,0.28,0.21,2.92
4.897,34.0,50.0,0,0,-0.56,0.35,2.56
4.946,28.2,44.3,0,0,-0.33,0.37,2.19
4.946,22.5,38.7,0,0,-0.10,-0.15,1.71
4.947,18.2,35.3,0,0,0.58,-0.66,1.23
4.947,14.0,31.9,0,0,1.25,-1.18,0.75
4.948,9.8,28.4,0,0,2.32,-1.30,0.75
4.948,9.8,28.4,0,0,2.32,-1.30,0.75
4.949,9.8,28.4,0,0,2.32,-1.30,0.75
4.949,9.8,28.4,0,0,2.32,-1.30,0.75
4.950,9.8,28.4,0,0,2.32,-1.30,0.75
4.950,9.8,28.4,0,0,2.32,-1.30,0.75
4.951,9.8,28.4,0,0,2.32,-1.30,0.75
4.951,9.8,28.4,0,0,2.32,-1.15,0.54
4.962,9.3,25.4,0,0,1.60,-1.00,0.32
4.962,8.9,22.4,0,0,0.87,-0.67,0.06
5.127,8.0,17.7,0,0,0.38,-0.34,-0.20
5.128,7.2,12.9,0,0,-0.12,-0.01,-0.45
5.128,6.3,8.1,0,0,-0.62,0.18,-0.50
5.129,5.9,6.4,0,0,-0.39,0.36,-0.54
5.129,5.5,4.6,0,0,-0.16,0.36,-0.54
5.130,5.5,4.6,0,0,-0.16,0.36,-0.54
5.130,5.5,4.6,0,0,-0.16,0.36,-0.54
5.131,5.5,4.6,0,0,-0.16,0.36,-0.54
5.131,5.5,4.6,0,0,-0.16,0.36,-0.54
5.132,5.5,5.1,0,0,-0.04,0.36,-0.45
5.143,5.5,5.6,0,0,0.08,0.36,-0.36
5.144,5.5,6.1,0,0,0.21,0.36,-0.26
5.144,5.5,6.6,0,0,0.33,0.35,-0.17
5.145,5.5,7.0,0,0,0.45,0.35,-0.09
5.179,5.3,7.7,0,0,0.35,0.30,-0.10
5.192,5.1,7.2,0,0,0.31,0.26,-0.11
5.192,4.8,6.7,0,0,0.27,0.23,-0.12
5.193,4.6,6.2,0,0,0.23,0.20,-0.12
5.193,4.4,5.7,0,0,0.19,0.17,-0.12
5.194,4.3,4.6,0,0,0.25,0.19,-0.12
5.194,4.3,4.6,0,0,0.25,0.19,-0.12
5.195,4.3,4.6,0,0,0.25,0.19,-0.12
5.195,4.3,4.6,0,0,0.25,0.19,-0.12
5.196,4.3,4.6,0,0,0.25,0.19,-0.12
5.196,4.3,4.6,0,0,0.25,0.19,-0.12
5.197,4.2,4.7,0,0,0.18,0.15,-0.19
5.208,4.1,4.8,0,0,0.12,0.10,-0.27
5.209,4.0,4.8,0,0,0.05,0.06,-0.34
5.209,3.9,4.9,0,0,-0.01,0.00,-0.38
5.245,3.9,5.4,0,0,-0.08,-0.06,-0.41
5.245,3.9,5.8,0,0,-0.07,-0.07,-0.37
5.257,3.8,5.8,0,0,-0.09,-0.14,-0.33
5.257,3.8,5.9,0,0,-0.11,-0.20,-0.29
5.258,3.7,6.0,0,0,-0.13,-0.25,-0.29
5.258,3.6,5.7,0,0,-0.15,-0.30,-0.28
5.259,3.6,5.4,0,0,-0.18,-0.34,-0.28
5.259,3.6,5.4,0,0,-0.18,-0.34,-0.28
5.260,3.6,5.4,0,0,-0.18,-0.34,-0.28
5.260,3.6,5.4,0,0,-0.18,-0.34,-0.28
5.261,3.6,5.4,0,0,-0.18,-0.34,-0.28
5.261,3.6,5.4,0,0,-0.18,-0.34,-0.25
5.273,3.6,6.4,0,0,-0.15,-0.36,-0.21
5.273,3.7,6.5,0,0,-0.12,-0.39,-0.15
5.308,3.8,6.5,0,0,-0.10,-0.43,-0.09
5.308,3.9,6.6,0,0,-0.08,-0.47,-0.03
5.309,3.9,6.6,0,0,-0.06,-0.50,-0.01
5.309,4.0,5.6,0,0,-0.09,-0.54,0.03
5.322,4.0,5.6,0,0,-0.12,-0.55,0.05
5.322,3.9,5.6,0,0,-0.14,-0.57,0.06
5.323,3.9,5.6,0,0,-0.17,-0.58,0.07
5.323,3.8,5.6,0,0,-0.19,-0.59,0.09
5.324,3.8,5.6,0,0,-0.19,-0.59,0.09
5.324,3.8,5.6,0,0,-0.19,-0.59,0.09
5.325,3.8,5.6,0,0,-0.19,-0.59,0.09
5.325,3.8,5.6,0,0,-0.19,-0.59,0.09
5.326,3.8,5.6,0,0,-0.19,-0.59,0.09
5.326,3.8,5.6,0,0,-0.14,-0.61,0.07
5.373,3.4,5.8,0,0,-0.08,-0.62,0.06
5.374,3.0,5.9,0,0,-0.02,-0.64,0.04
5.374,2.6,6.1,0,0,0.03,-0.65,0.03
5.375,2.2,6.3,0,0,0.09,-0.67,0.01
5.375,1.8,6.4,0,0,0.09,-0.67,0.01
5.376,1.8,6.4,0,0,0.08,-0.63,0.08
5.388,2.0,6.1,0,0,0.08,-0.59,0.15
5.388,2.2,5.7,0,0,0.07,-0.55,0.22
5.389,2.4,5.4,0,0,0.06,-0.51,0.29
5.389,2.5,5.1,0,0,0.06,-0.47,0.36
5.390,2.7,4.7,0,0,0.06,-0.47,0.36
5.390,2.7,4.7,0,0,0.06,-0.47,0.36
5.391,2.7,4.7,0,0,0.06,-0.47,0.36
5.391,2.7,4.7,0,0,0.06,-0.47,0.36
5.438,9.4,13.5,0,0,0.22,-0.16,0.77
5.439,16.0,22.3,0,0,0.39,0.16,1.18
5.439,22.6,31.0,0,0,0.56,0.47,1.58
5.440,29.2,39.8,0,0,0.72,0.78,1.99
5.440,35.8,48.5,0,0,0.89,1.10,2.39
5.441,35.8,48.5,0,0,0.89,1.10,2.39
5.441,35.8,48.5,0,0,0.89,1.10,2.39
5.442,35.8,47.5,0,0,0.62,-0.03,1.11
5.454,37.9,46.6,0,0,0.36,-1.15,-0.17
5.455,39.9,45.6,0,0,0.09,-2.28,-1.44
5.455,41.9,44.6,0,0,-0.18,-3.40,-2.72
5.456,44.0,43.6,0,0,-0.44,-4.53,-4.00
5.456,46.0,43.6,0,0,-0.44,-4.53,-4.00
5.457,46.0,43.6,0,0,-0.44,-4.53,-3.49
5.503,45.1,48.9,0,1,-0.12,-3.48,-2.98
5.504,44.3,54.3,0,1,0.19,-2.42,-2.46
5.504,43.4,59.7,0,1,0.51,-1.37,-1.95
5.505,42.5,65.1,0,1,0.83,-0.32,-1.44
5.505,41.7,70.5,0,1,1.14,0.73,-1.44
5.506,41.7,70.5,0,1,1.14,0.73,-1.44
5.506,41.7,70.5,0,1,1.14,0.73,-1.44
5.507,41.7,70.5,0,1,1.14,0.73,-1.44
5.507,41.7,70.5,0,1,1.14,0.73,-1.44
5.508,42.6,69.6,0,1,0.92,0.71,-0.06
5.520,43.5,68.7,0,1,0.69,0.69,1.32
5.521,44.5,67.8,0,1,0.47,0.67,2.70
5.521,45.4,66.9,0,1,0.24,0.64,4.08
5.522,46.3,66.0,0,1,0.01,-0.11,5.03
5.556,49.4,67.9,0,1,0.01,-0.84,4.60
5.569,51.7,69.6,0,1,-0.04,-0.89,3.31
5.569,54.0,71.3,0,1,-0.10,-0.93,2.02
5.570,56.3,73.0,0,1,-0.15,-0.98,0.74
5.570,58.6,74.7,0,1,-0.21,-0.29,-0.12
5.571,57.8,74.4,0,1,-0.26,0.40,-0.97
5.571,57.8,74.4,0,1,-0.26,0.40,-0.97
5.572,57.8,74.4,0,1,-0.26,0.40,-0.97
5.572,57.8,74.4,0,1,-0.26,0.40,-0.97
5.573,57.8,74.4,0,1,-0.26,0.40,-0.97
5.573,57.8,74.4,0,1,-0.26,0.40,-0.97
5.574,55.5,74.1,0,1,0.05,0.43,-0.94
5.586,53.2,73.7,0,1,0.36,0.47,-0.90
5.587,48.6,72.0,0,1,0.39,-0.16,0.29
5.621,44.1,70.3,0,1,0.43,-0.80,1.49
5.763,38.2,64.7,0,1,0.86,-0.84,1.25
5.813,34.3,57.5,0,1,0.71,-0.92,0.98
5.813,30.3,50.4,0,1,0.57,-1.00,0.71
5.814,28.5,44.6,0,1,0.71,-0.42,-0.72
5.814,26.8,38.8,0,1,0.84,0.17,-2.15
5.815,26.4,36.9,0,1,0.58,0.17,-2.15
5.815,26.4,36.9,0,1,0.58,0.17,-2.15
5.816,26.4,36.9,0,1,0.58,0.17,-2.15
5.816,26.4,36.9,0,1,0.58,0.17,-2.15
5.817,26.4,36.9,0,1,0.58,0.17,-2.15
5.817,26.4,36.9,0,1,0.58,0.17,-2.15
5.818,26.4,36.9,0,1,0.58,0.17,-2.15
5.866,23.7,37.9,0,1,0.72,0.54,-1.13
5.866,21.0,38.9,0,1,0.86,0.92,-0.11
5.867,18.3,40.0,0,1,1.01,1.29,0.91
5.867,15.6,41.0,0,1,1.15,1.67,1.93
5.879,12.5,42.8,0,1,0.80,1.58,2.45
5.879,12.0,43.6,0,1,0.31,1.12,1.93
5.880,11.6,44.3,0,1,-0.17,0.67,1.42
5.880,11.1,45.1,0,1,-0.66,0.21,0.91
5.881,10.7,45.9,0,1,-1.15,-0.25,0.40
5.881,10.7,45.9,0,1,-1.15,-0.25,0.40
5.882,10.7,45.9,0,1,-1.15,-0.25,0.40
5.882,10.7,45.9,0,1,-1.15,-0.25,0.40
5.883,10.7,45.9,0,1,-1.15,-0.25,0.40
5.883,10.7,45.9,0,1,-1.15,0.11,0.35
5.931,12.8,43.4,0,1,-0.53,0.47,0.30
5.932,14.9,41.0,0,1,0.10,0.83,0.24
5.932,17.1,38.6,0,1,0.72,1.19,0.19
5.933,19.2,36.1,0,1,1.35,1.55,0.14
5.933,21.3,33.7,0,1,1.97,1.55,0.14
5.944,21.7,33.5,0,1,1.36,1.00,0.23
5.944,22.2,33.2,0,1,0.75,0.46,0.32
5.945,22.6,33.0,0,1,0.14,-0.08,0.42
5.945,23.1,32.8,0,1,-0.48,-0.63,0.51
5.946,23.5,32.5,0,1,-1.09,-1.17,0.60
5.946,23.5,32.5,0,1,-1.09,-1.17,0.60
5.947,23.5,32.5,0,1,-1.09,-1.17,0.60
5.947,23.5,32.5,0,1,-1.09,-1.17,0.60
5.948,23.5,32.5,0,1,-0.66,-1.00,0.53
5.995,24.0,33.7,0,1,-0.23,-0.82,0.46
5.995,24.5,34.8,0,1,0.19,-0.64,0.38
5.996,25.0,35.9,0,1,0.62,-0.47,0.31
5.996,25.5,37.0,0,1,1.05,-0.29,0.23
5.997,26.0,38.2,0,1,1.05,-0.29,0.23
5.997,26.0,38.2,0,1,1.05,-0.29,0.23
6.009,26.1,37.8,0,1,0.83,-0.57,0.03
6.009,26.3,37.5,0,1,0.62,-0.84,-0.17
6.010,26.5,37.2,0,1,0.40,-1.12,-0.38
6.010,26.6,36.8,0,1,0.19,-1.39,-0.58
6.011,26.8,36.5,0,1,-0.03,-1.67,-0.79
6.011,26.8,36.5,0,1,-0.03,-1.67,-0.79
6.012,26.8,36.5,0,1,-0.03,-1.67,-0.79
6.012,26.6,38.0,0,1,-0.21,-1.31,-0.60
6.059,26.4,39.5,0,1,-0.40,-0.95,-0.41
6.060,26.2,41.0,0,1,-0.59,-0.60,-0.22
6.060,26.1,42.5,0,1,-0.78,-0.24,-0.03
6.061,25.9,43.9,0,1,-0.97,0.12,0.16
6.061,25.9,43.9,0,1,-0.97,0.12,0.16
6.062,25.9,43.9,0,1,-0.97,0.12,0.16
6.062,25.9,43.9,0,1,-0.97,0.12,0.16
6.063,25.9,43.9,0,1,-0.97,0.12,0.16
6.063,25.9,43.9,0,1,-0.97,0.12,0.41
6.075,25.9,44.3,0,1,-0.54,0.02,0.65
6.075,26.0,44.6,0,1,-0.12,-0.07,0.90
6.076,26.1,44.9,0,1,0.30,-0.16,1.14
6.076,26.1,45.3,0,1,0.72,-0.35,1.42
6.111,26.9,46.3,0,1,1.08,-0.53,1.45
6.111,27.6,46.9,0,1,0.67,-0.38,1.70
6.124,28.9,48.0,0,1,0.27,-0.23,1.95
6.124,30.2,49.1,0,1,-0.14,-0.08,2.21
6.125,31.5,50.2,0,1,-0.55,0.16,2.43
6.125,32.1,50.6,0,1,-0.90,0.40,2.65
6.126,32.6,51.0,0,1,-0.90,0.40,2.65
6.126,32.6,51.0,0,1,-0.90,0.40,2.65
6.127,32.6,51.0,0,1,-0.90,0.40,2.65
6.127,32.6,51.0,0,1,-0.90,0.40,2.65
6.128,32.6,51.0,0,1,-0.90,0.40,2.65
6.128,32.6,51.0,0,1,-0.90,0.23,2.52
6.140,32.7,51.2,0,1,-0.48,0.06,2.38
6.140,32.9,51.4,0,1,-0.14,-0.06,2.12
6.176,33.8,52.2,0,1,0.19,-0.17,1.85
6.177,34.7,52.9,0,1,0.52,-0.28,1.59
6.177,35.6,53.6,0,1,0.85,-0.22,1.46
6.178,36.4,54.2,1,1,0.56,-0.18,1.29
6.190,37.2,54.8,1,1,0.35,-0.20,1.26
6.191,37.1,54.9,1,1,0.15,-0.21,1.22
6.191,37.0,55.0,1,1,-0.06,-0.23,1.19
6.192,36.9,55.1,1,1,-0.27,-0.25,1.15
6.192,36.9,55.1,1,1,-0.27,-0.25,1.15
6.193,36.9,55.1,1,1,-0.27,-0.25,1.15
6.193,36.9,55.1,1,1,-0.27,-0.25,1.15
6.194,36.9,55.1,1,1,-0.27,-0.25,1.15
6.194,36.9,55.1,1,1,-0.27,-0.25,1.15
6.195,37.8,53.9,1,1,-0.29,-0.31,1.07
6.241,38.8,52.6,1,1,-0.32,-0.38,0.99
6.242,39.8,51.4,1,1,-0.34,-0.45,0.91
6.242,40.7,50.2,1,1,-0.37,-0.52,0.82
6.243,41.7,48.9,1,1,-0.39,-0.59,0.74
6.243,41.7,48.9,1,1,-0.39,-0.59,0.74
6.244,41.8,48.1,1,1,-0.23,-0.57,0.70
6.255,41.8,47.2,1,1,-0.08,-0.56,0.66
6.256,41.9,46.4,1,1,0.08,-0.54,0.63
6.256,42.0,45.6,1,1,0.24,-0.52,0.59
6.257,42.0,44.7,1,1,0.40,-0.50,0.55
6.257,42.0,44.7,1,1,0.40,-0.50,0.55
6.258,42.0,44.7,1,1,0.40,-0.50,0.55
6.258,42.0,44.7,1,1,0.40,-0.50,0.67
6.304,41.7,42.2,1,1,0.40,-0.31,0.79
6.305,41.3,39.8,1,1,0.41,-0.11,0.92
6.305,41.0,37.3,1,1,0.41,0.08,1.04
6.306,40.6,34.9,1,1,0.42,0.28,1.16
6.306,40.3,32.4,1,1,0.42,0.47,1.16
6.307,40.3,32.4,1,1,0.42,0.47,1.16
6.307,40.3,32.4,1,1,0.42,0.47,1.16
6.308,40.3,32.4,1,1,0.42,0.47,1.16
6.308,40.3,32.4,1,1,0.42,0.47,1.16
6.309,40.3,31.7,1,1,0.18,0.55,1.16
6.320,40.3,31.0,1,1,-0.07,0.62,1.16
6.321,40.3,30.3,1,1,-0.31,0.70,1.15
6.321,40.2,29.5,1,1,-0.55,0.78,1.15
6.322,40.2,28.8,1,1,-0.80,0.85,1.25
6.356,39.6,27.7,1,1,-0.63,0.60,1.36
6.357,39.0,26.6,1,1,-0.43,0.61,1.24
6.369,38.3,24.5,1,1,-0.23,0.63,1.11
6.370,37.6,22.4,1,1,-0.03,0.64,0.98
6.370,36.9,20.3,1,1,0.17,0.66,0.74
6.370,36.8,19.3,1,1,0.19,0.93,0.50
6.371,36.7,18.3,1,1,0.19,0.93,0.50
6.371,36.7,18.3,1,1,0.19,0.93,0.50
6.372,36.7,18.3,1,1,0.19,0.93,0.50
6.372,36.7,18.3,1,1,0.19,0.93,0.50
6.373,36.7,18.3,1,1,0.19,0.93,0.50
6.373,36.7,18.3,1,1,0.19,0.75,0.45
6.386,36.1,17.3,1,1,0.07,0.57,0.39
6.386,35.4,16.2,1,1,-0.06,0.39,0.41
6.421,33.3,14.9,1,1,-0.21,0.22,0.43
6.422,31.2,13.6,1,1,-0.36,0.06,0.44
6.422,29.0,12.2,1,1,-0.51,0.07,0.51
6.423,27.5,11.8,1,1,-0.36,0.10,0.62
6.435,25.5,11.4,1,1,-0.22,0.13,0.67
6.436,25.0,11.3,1,1,-0.06,0.15,0.71
6.436,24.6,11.1,1,1,0.11,0.17,0.76
6.437,24.1,11.0,1,1,0.27,0.19,0.80
6.437,23.6,11.0,1,1,0.27,0.19,0.80
6.437,23.6,11.0,1,1,0.27,0.19,0.80
6.438,23.6,11.0,1,1,0.27,0.19,0.80
6.438,23.6,11.0,1,1,0.27,0.19,0.80
6.439,23.6,11.0,1,1,0.27,0.19,0.80
6.439,23.6,11.0,1,1,0.27,0.16,0.99
6.486,23.8,10.5,1,1,0.17,0.15,0.72
6.487,24.0,9.9,1,1,0.07,0.13,0.46
6.487,24.3,9.4,1,1,-0.03,0.11,0.20
6.488,24.5,8.9,1,1,-0.13,0.10,-0.07
6.488,24.7,8.3,1,1,-0.23,0.11,-0.51
6.489,24.7,8.8,1,1,-0.21,-0.05,-0.37
6.501,24.5,9.4,1,1,-0.18,-0.21,-0.23
6.502,24.2,9.9,1,1,-0.15,-0.37,-0.08
6.502,24.0,10.4,1,1,-0.13,-0.53,0.06
6.503,23.8,10.9,1,1,-0.10,-0.69,0.20
6.503,23.5,10.9,1,1,-0.10,-0.69,0.20
6.504,23.5,10.9,1,1,-0.10,-0.69,0.20
6.504,23.5,10.9,1,1,-0.10,-0.69,0.20
6.505,23.5,10.9,1,1,-0.10,-0.68,0.37
6.551,23.5,11.6,1,1,-0.22,-0.68,0.55
6.552,23.5,12.2,1,1,-0.34,-0.68,0.72
6.552,23.5,12.9,1,1,-0.46,-0.67,0.89
6.553,23.5,13.6,1,1,-0.58,-0.67,1.06
6.553,23.5,14.2,1,1,-0.70,-0.67,1.06
6.554,23.5,14.2,1,1,-0.70,-0.67,1.06
6.554,23.5,14.2,1,1,-0.70,-0.67,1.06
6.555,24.2,14.4,1,1,-0.56,-0.69,1.41
6.567,24.8,14.6,1,1,-0.43,-0.71,1.77
6.568,25.5,14.8,1,1,-0.29,-0.74,2.13
6.568,26.1,14.9,1,1,-0.16,-0.76,2.49
6.569,26.8,15.1,1,1,-0.02,-0.78,2.85
6.569,26.8,15.1,1,1,-0.02,-0.78,2.85
6.570,27.6,16.5,1,1,0.19,-0.98,2.32
6.616,28.4,17.9,1,1,0.41,-1.18,1.80
6.617,29.2,19.3,1,1,0.62,-1.38,1.27
6.617,30.0,20.6,1,1,0.84,-1.58,0.75
6.618,30.8,22.0,1,1,1.05,-1.78,0.22
6.618,30.8,22.0,1,1,1.05,-1.78,0.22
6.619,30.8,22.0,1,1,1.05,-1.78,0.22
6.619,30.8,22.0,1,1,1.05,-1.78,0.22
6.620,30.8,22.0,1,1,1.05,-1.78,0.22
6.620,30.8,22.0,1,1,0.59,-1.58,0.35
6.632,31.6,23.0,1,1,0.13,-1.38,0.49
6.632,32.4,24.0,1,1,-0.33,-1.18,0.62
6.633,33.2,25.0,1,1,-0.78,-0.99,0.75
6.633,33.9,26.0,1,1,-1.24,-0.79,0.61
6.669,35.0,28.6,1,1,-0.79,-0.80,0.59
6.680,35.5,30.9,1,1,-0.34,-0.82,0.57
6.680,36.0,33.3,1,1,0.11,-0.83,0.55
6.681,36.5,35.6,1,1,0.56,-0.85,0.53
6.681,36.9,37.9,1,1,1.01,-0.86,0.79
6.682,37.1,38.7,1,1,1.01,-0.86,0.79
6.682,37.1,38.7,1,1,1.01,-0.86,0.79
6.683,37.1,38.7,1,1,1.01,-0.86,0.79
6.683,37.1,38.7,1,1,1.01,-0.86,0.79
6.684,37.1,38.7,1,1,1.01,-0.86,0.79
6.827,36.7,38.0,1,1,0.90,-0.50,0.90
6.876,35.9,37.0,1,1,0.65,-0.14,1.02
6.876,35.0,35.9,1,1,0.41,0.22,1.13
6.877,34.2,34.8,1,1,0.16,0.27,0.99
6.913,31.6,32.2,1,1,0.14,0.33,0.84
6.913,29.3,30.2,1,1,0.24,0.03,1.16
6.926,27.1,30.0,1,1,0.28,-0.10,1.48
6.926,24.9,29.8,1,1,0.33,-0.24,1.80
6.927,22.7,29.6,1,1,0.37,-0.07,2.38
6.927,22.2,31.0,1,1,0.19,0.10,2.95
6.928,21.7,32.4,1,1,0.01,0.26,2.95
6.928,21.7,32.4,1,1,0.01,0.26,2.95
6.929,21.7,32.4,1,1,0.01,0.26,2.95
6.929,21.7,32.4,1,1,0.01,0.26,2.95
6.930,21.7,32.4,1,1,0.01,0.26,2.95
6.930,21.7,32.4,1,1,0.01,0.26,2.95
6.942,21.4,31.6,1,1,0.34,0.17,2.52
6.942,21.0,30.8,1,1,0.66,0.08,1.76
6.978,20.1,29.2,1,1,0.78,-0.23,1.01
6.979,19.1,27.6,1,1,0.90,-0.54,0.25
6.979,18.2,26.1,1,1,1.02,-0.85,-0.51
6.980,17.6,26.5,1,1,0.69,-0.83,-0.07
6.992,17.1,26.9,1,1,0.36,-0.80,0.69
6.993,17.2,28.2,1,1,0.24,-0.56,1.45
6.993,17.2,29.4,1,1,0.12,-0.32,2.22
6.994,17.2,30.6,1,1,0.00,-0.08,2.98
6.994,17.2,30.6,1,1,0.00,-0.08,2.98
6.995,17.2,30.6,1,1,0.00,-0.08,2.98
6.995,17.2,30.6,1,1,0.00,-0.08,2.98
6.996,17.2,30.6,1,1,0.00,-0.08,2.98
6.996,17.2,30.6,1,1,0.00,-0.08,2.98
6.997,17.8,30.9,1,1,0.02,-0.28,2.71
7.043,19.4,31.9,1,1,0.11,-0.49,2.44
7.044,21.1,32.9,1,1,0.20,-0.69,2.18
7.044,22.7,34.0,1,1,0.30,-0.90,1.91
7.045,24.4,35.0,1,1,0.39,-1.10,1.64
7.045,25.5,35.7,1,1,0.47,-1.10,1.64
7.046,25.5,35.9,1,1,0.42,-0.90,1.67
7.057,26.4,36.0,1,1,0.38,-0.70,1.70
7.058,27.2,36.2,1,1,0.33,-0.50,1.73
7.058,28.1,36.4,1,1,0.28,-0.30,1.75
7.059,29.0,36.5,1,1,0.23,-0.10,1.78
7.059,29.8,36.5,1,1,0.23,-0.10,1.78
7.060,29.8,36.5,1,1,0.23,-0.10,1.78
7.060,29.8,36.5,1,1,0.23,-0.10,1.78
7.061,29.8,36.5,1,1,0.18,0.01,1.21
7.107,29.8,36.6,1,1,0.13,0.11,0.64
7.108,29.7,36.7,1,1,0.07,0.22,0.07
7.108,29.6,36.8,1,1,0.02,0.33,-0.50
7.109,29.6,36.9,1,1,-0.03,0.44,-1.07
7.109,29.5,37.0,1,1,-0.03,0.44,-1.07
7.110,29.5,37.0,1,1,-0.03,0.44,-1.07
7.110,29.5,37.0,1,1,-0.03,0.44,-1.07
7.111,29.5,36.6,1,1,0.04,0.44,-1.12
7.122,28.7,36.1,1,1,0.12,0.44,-1.16
7.123,28.0,35.6,1,1,0.19,0.44,-1.21
7.123,27.2,35.2,1,1,0.27,0.44,-1.25
7.124,26.4,34.7,1,1,0.35,0.44,-1.30
7.124,25.7,34.7,1,1,0.35,0.44,-1.30
7.125,25.7,33.7,1,1,0.33,0.95,-0.79
7.171,26.8,32.7,1,1,0.31,1.46,-0.28
7.172,27.9,31.6,1,1,0.28,1.96,0.23
7.172,29.0,30.6,1,1,0.26,2.47,0.74
7.173,30.0,29.6,1,1,0.24,2.98,1.24
7.173,31.1,29.6,1,1,0.24,2.98,1.24
7.174,31.1,29.6,1,1,0.24,2.98,1.24
7.174,31.1,29.6,1,1,0.24,2.98,1.24
7.175,31.1,29.6,1,1,0.24,2.98,1.24
7.175,31.1,29.6,1,1,0.24,2.98,1.24
7.176,31.3,29.7,1,1,0.10,2.13,1.10
7.188,31.4,29.8,1,1,-0.05,1.29,0.95
7.189,31.5,30.0,1,1,-0.19,0.44,0.80
7.189,31.7,30.1,1,1,-0.33,-0.41,0.66
7.190,31.8,31.2,1,1,-0.32,-0.92,0.93
7.224,32.2,32.2,1,1,-0.16,-0.59,1.09
7.237,32.8,33.1,1,1,0.03,-0.48,1.26
7.237,33.4,34.0,1,1,0.22,-0.37,1.42
7.238,34.0,34.8,1,1,0.40,-0.26,1.59
7.238,34.7,34.7,1,1,0.43,-0.48,1.34
7.239,34.9,34.6,1,1,0.46,-0.70,1.34
7.239,34.9,34.6,1,1,0.46,-0.70,1.34
7.240,34.9,34.6,1,1,0.46,-0.70,1.34
7.240,34.9,34.6,1,1,0.46,-0.70,1.34
7.241,34.9,34.6,1,1,0.46,-0.70,1.34
7.241,34.9,34.6,1,1,0.46,-0.70,1.34
7.254,34.9,35.0,1,1,0.45,-0.37,1.15
7.254,34.8,35.5,1,1,0.45,-0.03,0.97
7.255,35.6,35.2,1,1,0.08,0.03,0.81
7.303,36.7,34.8,1,1,-0.29,0.09,0.65
7.304,37.8,34.5,1,1,-0.66,0.15,0.48
7.304,39.0,33.8,1,1,-1.03,-0.12,0.51
7.305,40.1,33.0,1,1,-1.40,-0.40,0.53
7.305,40.6,33.0,1,1,-1.40,-0.40,0.53
7.305,40.6,33.0,1,1,-1.40,-0.40,0.53
7.306,40.6,33.0,1,1,-1.40,-0.40,0.53
7.306,40.6,33.0,1,1,-1.40,-0.40,0.53
7.307,40.6,33.0,1,1,-1.40,-0.40,0.53
7.307,40.6,33.0,1,1,-0.94,-0.50,0.22
7.320,40.2,31.9,1,1,-0.47,-0.59,-0.10
7.320,39.9,30.8,1,1,-0.01,-0.69,-0.41
7.321,39.6,29.7,1,1,0.45,-0.20,-0.13
7.356,37.5,29.1,1,1,0.75,0.29,0.15
7.356,35.5,28.6,1,1,0.60,0.88,0.75
7.357,33.8,29.6,1,1,0.27,0.79,2.10
7.369,31.7,30.7,1,1,-0.06,0.70,3.46
7.370,29.6,31.7,1,1,-0.39,0.02,4.22
7.370,29.2,32.2,1,1,-0.56,-0.65,4.99
7.371,28.8,32.7,1,1,-0.74,-1.33,5.75
7.371,28.4,32.7,1,1,-0.74,-1.33,5.75
7.372,28.4,32.7,1,1,-0.74,-1.33,5.75
7.372,28.4,32.7,1,1,-0.74,-1.33,5.75
7.373,28.4,32.7,1,1,-0.74,-1.33,5.75
7.373,28.4,32.7,1,1,-0.74,-1.33,5.75
7.374,28.4,31.8,1,1,-0.53,-1.09,5.03
7.386,28.9,31.0,1,1,-0.27,-0.92,3.42
7.421,28.8,30.2,1,1,-0.01,-0.74,1.82
7.421,28.6,29.4,1,1,0.25,-0.56,0.21
7.422,28.5,28.6,1,1,0.50,-0.39,-1.39
7.422,28.4,28.7,1,1,0.55,-0.45,-2.28
7.435,27.1,28.7,1,1,0.48,-0.15,-2.00
7.435,26.4,28.6,1,1,0.40,0.14,-1.73
7.436,25.7,28.6,1,1,0.33,0.44,-1.46
7.436,25.0,28.6,1,1,0.25,0.73,-1.18
7.437,24.3,28.6,1,1,0.18,1.03,-0.91
7.437,24.3,28.6,1,1,0.18,1.03,-0.91
7.438,24.3,28.6,1,1,0.18,1.03,-0.91
7.438,24.3,28.6,1,1,0.18,1.03,-0.91
7.439,24.3,28.6,1,1,0.18,1.03,-0.91
7.485,26.4,29.5,1,1,0.31,0.95,-0.04
7.486,28.5,30.5,1,1,0.44,0.88,0.84
7.486,30.6,31.5,1,1,0.58,0.80,1.71
7.487,32.7,32.5,1,1,0.71,0.72,2.58
7.487,34.9,33.4,1,1,0.84,0.65,3.45
7.488,34.9,33.4,1,1,0.84,0.65,3.45
7.488,34.9,33.4,1,1,0.84,0.65,3.45
7.489,35.1,33.2,1,1,0.52,0.44,2.90
7.501,35.3,33.0,1,1,0.19,0.23,2.34
7.502,35.5,32.8,1,1,-0.13,0.02,1.79
7.502,35.7,32.6,1,1,-0.46,-0.20,1.24
7.503,35.9,32.4,1,1,-0.78,-0.41,0.69
7.503,35.9,32.4,1,1,-0.78,-0.41,0.69
7.504,35.9,32.4,1,1,-0.78,-0.41,0.69
7.550,35.7,32.2,1,1,-0.66,-0.45,0.85
7.551,35.5,32.1,1,1,-0.54,-0.49,1.00
7.551,35.4,31.9,1,1,-0.42,-0.53,1.16
7.552,35.2,31.7,1,1,-0.30,-0.58,1.31
7.552,35.0,31.5,1,1,-0.18,-0.62,1.47
7.553,35.0,31.5,1,1,-0.18,-0.62,1.47
7.553,35.0,31.5,1,1,-0.18,-0.62,1.47
7.554,35.0,31.5,1,1,-0.18,-0.62,1.47
7.554,35.0,31.5,1,1,-0.18,-0.62,1.47
7.555,35.0,31.5,1,1,0.03,-0.55,1.58
7.567,35.5,31.4,1,1,0.24,-0.48,1.68
7.567,35.9,31.2,1,1,0.45,-0.41,1.79
7.568,36.4,31.1,1,1,0.66,-0.33,1.90
7.568,36.8,30.9,1,1,0.87,-0.16,1.57
7.605,37.6,31.4,1,1,0.87,-0.05,1.15
7.616,37.4,30.7,1,1,0.67,0.03,0.44
7.616,37.3,29.9,1,1,0.47,0.12,-0.27
7.617,37.1,29.2,1,1,0.28,0.20,-0.98
7.617,37.0,28.5,1,1,0.08,0.18,-1.26
7.618,36.5,27.0,1,1,-0.12,0.15,-1.54
7.618,36.5,27.0,1,1,-0.12,0.15,-1.54
7.619,36.5,27.0,1,1,-0.12,0.15,-1.54
7.619,36.5,27.0,1,1,-0.12,0.15,-1.54
7.620,36.5,27.0,1,1,-0.12,0.15,-1.54
7.620,36.5,27.0,1,1,-0.12,0.15,-1.30
7.633,36.4,26.4,1,1,-0.05,-0.00,-1.07
7.633,36.3,25.7,1,1,0.02,-0.16,-0.83
7.634,35.2,24.7,1,1,0.20,-0.45,-0.27
7.671,34.2,23.7,1,1,0.39,-0.74,0.29
7.671,33.1,22.8,1,1,0.57,-1.04,0.61
7.672,31.9,24.2,1,1,0.55,-0.72,1.56
7.682,30.8,25.6,1,1,0.53,-0.40,2.50
7.683,30.6,27.3,1,1,0.39,0.05,3.13
7.683,30.4,29.0,1,1,0.26,0.51,3.75
7.684,30.3,30.7,1,1,0.12,0.96,4.38
7.684,30.3,30.7,1,1,0.12,0.96,4.38
7.685,30.3,30.7,1,1,0.12,0.96,4.38
7.685,30.3,30.7,1,1,0.12,0.96,4.38
7.686,30.3,30.7,1,1,0.12,0.96,4.38
7.686,30.3,30.7,1,1,0.12,0.96,4.38
7.699,30.2,29.8,1,1,0.30,0.57,3.81
7.699,30.2,27.5,1,1,0.15,0.20,2.81
7.736,30.2,25.2,1,1,0.01,-0.17,1.81
7.737,30.3,22.9,1,1,-0.14,-0.53,0.81
7.737,30.3,20.5,1,1,-0.28,-0.90,-0.19
7.738,30.9,20.4,1,1,-0.42,-0.84,0.04
7.748,31.5,21.6,1,1,-0.23,-0.80,0.71
7.749,32.0,22.8,1,1,-0.04,-0.76,1.37
7.749,32.5,23.9,1,1,0.14,-0.72,2.04
7.750,33.0,25.1,1,1,0.33,-0.68,2.70
7.750,33.0,25.1,1,1,0.33,-0.68,2.70
7.751,33.0,25.1,1,1,0.33,-0.68,2.70
7.751,33.0,25.1,1,1,0.33,-0.68,2.70
7.752,33.0,25.1,1,1,0.33,-0.68,2.70
7.752,33.0,25.1,1,1,0.33,-0.68,2.70
7.801,33.1,27.5,1,1,0.50,-0.51,2.18
7.802,33.1,29.8,1,1,0.68,-0.35,1.66
7.802,33.1,32.2,1,1,0.85,-0.18,1.13
7.803,33.2,34.5,1,1,1.03,-0.02,0.61
7.942,34.2,37.2,1,1,0.86,-0.06,-0.22
7.991,34.7,38.2,1,1,0.63,-0.28,-0.52
7.991,35.1,39.1,1,1,0.40,-0.49,-0.82
7.992,35.5,40.1,1,1,0.17,-0.70,-1.13
7.992,36.0,41.0,1,1,-0.06,-0.92,-1.43
7.993,35.4,41.6,1,1,0.06,-0.92,-1.43
7.993,35.4,41.6,1,1,0.06,-0.92,-1.43
7.994,35.4,41.6,1,1,0.06,-0.92,-1.43
7.994,35.4,41.6,1,1,0.06,-0.92,-1.43
7.995,35.4,41.6,1,1,-0.00,-0.92,-0.27
8.043,35.4,41.3,1,1,-0.06,-0.93,0.89
8.043,35.4,40.9,1,1,-0.12,-0.94,2.05
8.044,35.4,40.6,1,1,-0.18,-0.94,3.21
8.044,35.3,40.2,1,1,-0.24,-0.95,4.37
8.045,35.3,39.8,1,1,-0.24,-0.95,4.37
8.045,35.3,39.8,1,1,-0.24,-0.95,4.37
8.046,35.9,40.0,1,1,-0.03,-0.90,3.70
8.057,36.4,40.2,1,1,0.17,-0.86,3.04
8.058,37.0,40.5,1,1,0.38,-0.81,2.38
8.058,37.5,40.7,1,1,0.58,-0.77,1.72
8.059,38.1,40.9,1,1,0.79,-0.72,1.06
8.059,38.1,40.9,1,1,0.79,-0.72,1.06
8.060,38.1,40.9,1,1,0.79,-0.72,1.06
8.060,38.5,42.3,1,1,0.74,-0.71,1.29
8.107,39.0,43.7,1,1,0.69,-0.70,1.52
8.108,39.4,45.2,1,1,0.64,-0.69,1.75
8.108,39.9,46.6,1,1,0.60,-0.68,1.98
8.109,40.3,48.0,1,1,0.55,-0.67,2.22
8.109,40.3,48.0,1,1,0.55,-0.67,2.22
8.110,40.3,48.0,1,1,0.55,-0.67,2.22
8.110,40.3,48.0,1,1,0.55,-0.67,2.22
8.111,40.3,48.0,1,1,0.55,-0.67,2.22
8.111,40.3,48.0,1,1,0.55,-0.67,2.19
8.123,40.2,47.8,1,1,0.47,-0.41,2.17
8.123,40.1,47.5,1,1,0.40,-0.15,2.14
8.124,40.1,47.2,1,1,0.32,0.11,2.12
8.124,40.0,46.9,1,1,0.24,0.37,2.10
8.160,40.1,46.9,1,1,0.18,0.38,1.63
8.160,40.2,47.2,1,1,0.20,0.13,1.26
8.173,40.0,46.3,1,1,0.12,-0.12,0.89
8.173,39.7,45.4,1,1,0.04,-0.36,0.51
8.174,39.4,44.6,1,1,-0.05,-0.61,0.14
8.174,39.0,43.4,1,1,-0.15,-0.61,0.23
8.175,38.6,42.3,1,1,-0.26,-0.61,0.23
8.175,38.6,42.3,1,1,-0.26,-0.61,0.23
8.176,38.6,42.3,1,1,-0.26,-0.61,0.23
8.176,38.6,42.3,1,1,-0.26,-0.61,0.23
8.177,38.6,42.3,1,1,-0.26,-0.61,0.23
8.177,38.6,42.3,1,1,-0.26,-0.61,0.75
8.189,38.7,42.6,1,1,-0.12,-0.52,1.27
8.189,38.8,42.9,1,1,0.03,-0.43,1.12
8.225,37.8,42.8,1,1,0.17,-0.34,0.97
8.225,36.8,42.7,1,1,0.32,-0.26,0.82
8.226,35.7,42.6,1,1,0.46,-0.17,0.16
8.226,34.6,42.1,1,1,0.47,-0.17,-0.51
8.239,33.0,40.3,1,1,0.33,-0.42,-0.52
8.239,32.6,38.9,1,1,0.20,-0.67,-0.53
8.240,32.2,37.6,1,1,0.06,-0.92,-0.55
8.240,31.7,36.2,1,1,-0.08,-1.17,-0.56
8.241,31.3,34.8,1,1,-0.21,-1.42,-0.57
8.241,31.3,34.8,1,1,-0.21,-1.42,-0.57
8.242,31.3,34.8,1,1,-0.21,-1.42,-0.57
8.242,31.3,34.8,1,1,-0.21,-1.42,-0.57
8.243,31.3,34.8,1,1,-0.21,-1.42,-0.57
8.243,30.5,35.0,1,1,0.04,-1.22,0.24
8.290,29.8,35.2,1,1,0.29,-1.02,1.06
8.290,29.0,35.4,1,1,0.54,-0.82,1.87
8.291,28.3,35.6,1,1,0.79,-0.61,2.68
8.291,27.5,35.7,1,1,1.04,-0.41,3.50
8.292,27.5,35.7,1,1,1.04,-0.41,3.50
8.292,27.5,35.7,1,1,1.04,-0.34,2.80
8.305,27.1,36.3,1,1,0.85,-0.27,2.11
8.305,26.7,36.8,1,1,0.66,-0.20,1.41
8.306,26.3,37.4,1,1,0.46,-0.13,0.72
8.306,25.9,37.9,1,1,0.27,-0.06,0.02
8.307,25.6,38.4,1,1,0.08,-0.06,0.02
8.307,25.6,38.4,1,1,0.08,-0.06,0.02
8.308,25.6,38.4,1,1,0.08,-0.06,0.02
8.354,25.6,37.7,1,1,-0.07,0.06,0.10
8.355,25.6,37.0,1,1,-0.22,0.17,0.18
8.355,25.7,36.3,1,1,-0.38,0.29,0.26
8.356,25.7,35.6,1,1,-0.53,0.41,0.34
8.356,25.7,34.8,1,1,-0.68,0.53,0.42
8.357,25.7,34.8,1,1,-0.68,0.53,0.42
8.357,25.7,34.8,1,1,-0.68,0.53,0.42
8.357,25.7,34.8,1,1,-0.68,0.53,0.42
8.358,25.7,34.8,1,1,-0.68,0.53,0.42
8.359,25.7,34.8,1,1,-0.40,0.36,0.66
8.371,26.1,35.1,1,1,-0.12,0.19,0.91
8.371,26.4,35.3,1,1,0.16,0.02,1.15
8.372,26.7,35.5,1,1,0.44,-0.15,1.40
8.372,27.1,35.8,1,1,0.72,-0.32,1.57
8.407,27.7,36.4,1,1,0.51,-0.22,1.49
8.408,27.7,36.4,1,1,0.48,-0.18,1.13
8.420,27.8,36.4,1,1,0.46,-0.13,0.77
8.421,27.8,36.4,1,1,0.43,-0.09,0.41
8.421,27.8,36.4,1,1,0.40,-0.05,0.13
8.422,27.5,36.0,1,1,0.60,-0.10,-0.16
8.422,27.5,36.0,1,1,0.60,-0.10,-0.16
8.423,27.5,36.0,1,1,0.60,-0.10,-0.16
8.423,27.5,36.0,1,1,0.60,-0.10,-0.16
8.424,27.5,36.0,1,1,0.60,-0.10,-0.16
8.424,27.5,36.0,1,1,0.60,-0.10,-0.16
8.424,27.5,36.0,1,1,0.36,-0.19,-0.12
8.437,27.6,35.6,1,1,0.12,-0.27,-0.09
8.437,27.7,35.1,1,1,-0.03,-0.24,0.23
8.472,27.9,34.0,1,1,-0.18,-0.21,0.55
8.473,28.2,32.9,1,1,-0.33,-0.17,0.87
8.473,28.4,31.8,1,1,-0.25,-0.06,1.16
8.474,28.4,30.9,1,1,-0.08,-0.02,1.46
8.486,28.4,30.1,1,1,0.01,-0.10,1.46
8.487,28.3,29.9,1,1,0.09,-0.18,1.47
8.487,28.2,29.7,1,1,0.18,-0.27,1.47
8.488,28.1,29.5,1,1,0.26,-0.35,1.48
8.488,28.1,29.5,1,1,0.26,-0.35,1.48
8.489,28.1,29.5,1,1,0.26,-0.35,1.48
8.489,28.1,29.5,1,1,0.26,-0.35,1.48
8.490,28.1,29.5,1,1,0.26,-0.35,1.48
8.490,28.1,29.5,1,1,0.26,-0.35,1.48
8.491,27.8,29.1,1,1,0.36,-0.36,1.10
8.537,27.5,28.6,1,1,0.46,-0.37,0.71
8.538,27.2,28.2,1,1,0.56,-0.38,0.33
8.538,26.9,27.8,1,1,0.66,-0.39,-0.05
8.539,26.7,27.4,1,1,0.76,-0.40,-0.43
8.539,26.7,27.4,1,1,0.76,-0.40,-0.45
8.552,26.3,28.3,1,1,0.58,-0.29,-0.46
8.552,25.9,29.1,1,1,0.39,-0.19,-0.48
8.553,25.6,29.9,1,1,0.21,-0.08,-0.50
8.553,25.2,30.8,1,1,0.02,0.02,-0.52
8.554,24.8,31.6,1,1,-0.16,0.13,-0.52
8.554,24.8,31.6,1,1,-0.16,0.13,-0.52
8.555,24.8,31.6,1,1,-0.16,0.13,-0.52
8.555,24.8,31.6,1,1,-0.16,0.27,-0.34
8.601,25.3,30.0,1,1,-0.11,0.42,-0.16
8.602,25.7,28.3,1,1,-0.05,0.56,0.02
8.602,26.2,26.6,1,1,-0.00,0.71,0.20
8.603,26.6,25.0,1,1,0.05,0.85,0.38
8.603,27.1,23.3,1,1,0.10,0.85,0.38
8.604,27.1,23.3,1,1,0.10,0.85,0.38
8.604,27.1,23.3,1,1,0.10,0.85,0.38
8.605,27.1,23.3,1,1,0.10,0.85,0.38
8.605,27.1,23.3,1,1,0.10,0.85,0.38
8.606,27.2,23.3,1,1,0.21,0.54,0.17
8.618,27.3,23.2,1,1,0.32,0.22,-0.03
8.619,27.4,23.2,1,1,0.43,-0.09,-0.23
8.619,27.5,23.1,1,1,0.55,-0.41,-0.44
8.620,27.6,23.1,1,1,0.66,-0.26,0.04
8.657,27.6,24.1,1,1,0.35,-0.08,0.75
8.667,27.7,25.2,1,1,0.05,0.11,1.46
8.667,27.8,26.2,1,1,-0.26,0.30,2.17
8.668,27.9,27.3,1,1,-0.56,0.49,2.88
8.669,27.9,28.3,1,1,-0.86,0.22,2.90
8.669,27.9,28.3,1,1,-0.86,0.22,2.90
8.670,27.9,28.3,1,1,-0.86,0.22,2.90
8.670,27.9,28.3,1,1,-0.86,0.22,2.90
8.670,27.9,28.3,1,1,-0.86,0.22,2.90
8.671,27.9,28.3,1,1,-0.86,0.22,2.90
8.671,27.9,28.9,1,1,-0.47,0.16,2.30
8.684,28.1,29.4,1,1,-0.07,0.10,1.70
8.685,28.2,30.0,1,1,0.32,0.03,1.09
8.685,28.3,30.6,1,1,0.50,0.06,0.54
8.722,28.4,30.4,1,1,0.69,0.09,-0.00
8.722,28.5,29.7,1,1,0.47,0.18,0.05
8.733,28.9,30.2,1,1,0.42,0.05,0.35
8.733,29.2,30.7,1,1,0.37,-0.08,0.64
8.734,29.5,31.2,1,1,0.53,-0.31,0.88
8.734,29.8,32.4,1,1,0.69,-0.53,1.12
8.735,30.2,33.6,1,1,0.85,-0.76,1.35
8.735,30.2,33.6,1,1,0.85,-0.76,1.35
8.736,30.2,33.6,1,1,0.85,-0.76,1.35
8.736,30.2,33.6,1,1,0.85,-0.76,1.35
8.737,30.2,33.6,1,1,0.85,-0.76,1.35
8.737,30.2,33.6,1,1,0.85,-0.76,1.48
8.749,30.4,33.8,1,1,0.51,-0.52,1.60
8.749,30.7,34.0,1,1,0.26,-0.28,1.32
8.786,30.9,33.8,1,1,0.01,-0.04,1.03
8.787,31.0,33.6,1,1,-0.24,0.20,0.74
8.787,31.2,33.4,1,1,-0.49,0.44,0.34
8.798,31.3,32.6,1,1,-0.23,0.02,0.21
8.798,31.5,31.9,1,1,-0.06,-0.40,0.50
8.799,31.7,31.5,1,1,0.10,-0.81,0.79
8.799,31.8,31.2,1,1,0.27,-1.23,1.07
8.800,32.0,30.9,1,1,0.44,-1.65,1.36
8.800,32.0,30.9,1,1,0.44,-1.65,1.36
8.801,32.0,30.9,1,1,0.44,-1.65,1.36
8.801,32.0,30.9,1,1,0.44,-1.65,1.36
8.802,32.0,30.9,1,1,0.44,-1.65,1.36
8.802,32.0,30.9,1,1,0.44,-1.65,1.36
8.815,32.6,30.3,1,1,0.43,-1.17,0.90
8.852,33.5,29.7,1,1,0.43,-0.70,0.45
8.852,34.5,29.1,1,1,0.43,-0.22,-0.01
8.853,35.4,28.5,1,1,0.43,0.25,-0.47
8.853,36.4,27.9,1,1,0.43,0.73,-0.93
8.854,36.0,27.9,1,1,0.33,0.69,-1.10
8.864,35.2,27.8,1,1,0.24,0.65,-1.28
8.865,34.4,27.8,1,1,0.14,0.61,-1.46
8.865,33.6,27.7,1,1,0.04,0.58,-1.64
8.866,32.9,27.7,1,1,-0.05,0.54,-1.81
8.866,32.9,27.7,1,1,-0.05,0.54,-1.81
8.867,32.9,27.7,1,1,-0.05,0.54,-1.81
8.867,32.9,27.7,1,1,-0.05,0.54,-1.81
9.010,32.9,29.5,1,1,-0.20,0.38,-1.34
9.094,32.3,31.4,1,1,-0.08,0.38,-0.60
9.094,31.7,33.2,1,1,0.04,0.39,0.13
9.095,31.1,35.0,1,1,0.16,0.40,0.87
9.095,30.5,36.9,1,1,0.28,0.40,1.60
9.096,29.8,36.9,1,1,0.55,0.57,1.86
9.096,29.8,36.9,1,1,0.55,0.32,1.80
9.108,29.7,37.8,1,1,0.44,0.07,1.74
9.108,29.5,38.7,1,1,0.32,-0.18,1.68
9.109,29.4,39.7,1,1,0.20,-0.43,1.63
9.109,29.2,40.6,1,1,0.08,-0.68,1.57
9.110,29.1,41.5,1,1,-0.04,-0.68,1.57
9.110,29.1,41.5,1,1,-0.04,-0.68,1.57
9.111,29.1,41.5,1,1,-0.04,-0.68,1.57
9.111,29.1,41.5,1,1,-0.04,-0.68,1.27
9.157,28.9,39.4,1,1,-0.03,-0.69,0.98
9.158,28.7,37.3,1,1,-0.02,-0.70,0.69
9.158,28.6,35.1,1,1,-0.01,-0.70,0.39
9.159,28.4,33.0,1,1,-0.00,-0.71,0.10
9.159,28.2,30.9,1,1,0.01,-0.71,0.10
9.160,28.2,30.9,1,1,0.01,-0.71,0.10
9.160,28.2,30.9,1,1,0.01,-0.71,0.10
9.161,28.2,30.9,1,1,0.01,-0.71,0.10
9.161,28.2,30.9,1,1,0.01,-0.71,0.10
9.162,28.3,30.8,1,1,0.07,-0.93,0.34
9.174,28.4,30.8,1,1,0.13,-1.14,0.57
9.175,28.5,30.8,1,1,0.19,-1.35,0.81
9.175,28.5,30.8,1,1,0.25,-1.57,1.04
9.176,28.6,30.7,1,1,0.22,-1.38,0.92
9.223,28.9,32.4,1,1,0.13,-0.99,0.57
9.223,29.1,34.0,1,1,0.04,-0.59,0.21
9.224,29.4,35.7,1,1,-0.05,-0.19,-0.14
9.224,29.6,37.3,1,1,-0.14,0.20,-0.49
9.225,29.9,38.9,1,1,-0.14,0.20,-0.49
9.225,29.9,38.9,1,1,-0.14,0.20,-0.49
9.226,29.9,38.9,1,1,-0.14,0.20,-0.49
9.226,29.9,38.9,1,1,-0.14,0.20,-0.49
9.227,29.9,38.9,1,1,-0.14,0.20,-0.49
9.227,29.9,38.9,1,1,-0.06,-0.07,-0.56
9.240,29.9,39.2,1,1,0.02,-0.35,-0.63
9.240,30.0,39.5,1,1,0.10,-0.63,-0.69
9.241,30.0,39.8,1,1,0.18,-0.90,-0.76
9.276,30.3,40.6,1,1,0.05,-0.90,-0.52
9.276,30.7,41.3,1,1,-0.16,-0.63,-0.21
9.277,31.0,41.9,1,1,-0.05,-0.17,0.36
9.289,31.4,42.4,1,1,0.06,0.28,0.93
9.290,31.8,42.9,1,1,0.17,0.73,1.49
9.290,31.9,43.0,1,1,0.49,0.91,1.74
9.291,32.0,43.0,1,1,0.82,1.09,2.00
9.291,32.0,43.0,1,1,0.82,1.09,2.00
9.292,32.0,43.0,1,1,0.82,1.09,2.00
9.292,32.0,43.0,1,1,0.82,1.09,2.00
9.292,32.0,43.0,1,1,0.82,1.09,2.00
9.293,32.0,43.0,1,1,0.82,1.09,2.00
9.293,32.0,43.0,1,1,0.82,0.84,2.25
9.306,32.3,42.6,1,1,0.58,0.59,2.49
9.340,33.2,42.0,1,1,0.45,0.31,2.27
9.341,34.1,41.5,1,1,0.33,0.03,2.06
9.341,35.0,40.9,1,1,0.21,-0.25,1.84
9.342,35.9,40.3,1,1,0.09,-0.28,1.38
9.342,36.5,40.2,1,1,0.20,-0.37,0.82
9.355,36.5,40.5,1,1,0.12,-0.42,0.73
9.355,36.5,40.8,1,1,0.03,-0.48,0.63
9.356,36.5,41.1,1,1,-0.06,-0.53,0.54
9.356,36.5,41.5,1,1,-0.15,-0.59,0.45
9.357,36.6,41.8,1,1,-0.24,-0.59,0.45
9.357,36.6,41.8,1,1,-0.24,-0.59,0.45
9.358,36.6,41.8,1,1,-0.24,-0.59,0.45
9.358,36.6,41.8,1,1,-0.24,-0.59,0.45
9.359,36.6,41.8,1,1,-0.24,-0.59,0.69
9.405,36.5,40.8,1,1,-0.25,-0.59,0.93
9.406,36.4,39.8,1,1,-0.25,-0.59,1.18
9.406,36.3,38.8,1,1,-0.26,-0.60,1.42
9.407,36.3,37.9,1,1,-0.27,-0.60,1.67
9.407,36.2,36.9,1,1,-0.28,-0.60,1.67
9.408,36.2,36.9,1,1,-0.28,-0.60,1.67
9.408,36.2,36.9,1,1,-0.28,-0.63,1.56
9.421,36.2,36.9,1,1,-0.21,-0.66,1.45
9.421,36.2,36.8,1,1,-0.13,-0.69,1.34
9.422,36.1,36.8,1,1,-0.06,-0.72,1.22
9.422,36.1,36.8,1,1,0.02,-0.75,1.11
9.423,36.1,36.8,1,1,0.09,-0.75,1.11
9.423,36.1,36.8,1,1,0.09,-0.75,1.11
9.424,36.1,35.9,1,1,0.11,-0.72,1.18
9.470,36.1,35.1,1,1,0.13,-0.70,1.24
9.471,36.2,34.2,1,1,0.15,-0.67,1.31
9.471,36.2,33.4,1,1,0.17,-0.64,1.37
9.472,36.2,32.5,1,1,0.19,-0.62,1.44
9.472,36.3,32.5,1,1,0.19,-0.62,1.44
9.473,36.3,32.5,1,1,0.19,-0.62,1.44
9.473,36.3,32.5,1,1,0.19,-0.62,1.44
9.474,36.3,32.5,1,1,0.19,-0.62,1.44
9.474,36.3,32.5,1,1,0.19,-0.62,1.15
9.487,36.5,32.6,1,1,0.19,-0.50,0.87
9.487,36.7,32.7,1,1,0.19,-0.39,0.58
9.488,36.9,32.8,1,1,0.19,-0.27,0.29
9.488,37.1,32.9,1,1,0.19,-0.16,0.01
9.489,36.8,33.5,1,1,0.20,-0.21,0.05
9.525,36.3,33.9,1,1,0.22,-0.18,0.40
9.536,35.8,33.6,1,1,0.11,-0.15,0.74
9.536,35.2,33.3,1,1,-0.01,-0.12,1.09
9.537,34.7,32.9,1,1,-0.12,-0.08,1.43
9.537,34.6,32.2,1,1,-0.26,0.11,1.72
9.538,34.6,31.5,1,1,-0.39,0.11,1.72
9.538,34.6,31.5,1,1,-0.39,0.11,1.72
9.539,34.6,31.5,1,1,-0.39,0.11,1.72
9.539,34.6,31.5,1,1,-0.39,0.11,1.72
9.540,34.6,31.5,1,1,-0.39,0.11,1.72
9.540,34.6,31.5,1,1,-0.39,0.11,1.73
9.553,34.7,32.0,1,1,-0.23,0.10,1.74
9.553,34.8,32.4,1,1,-0.07,0.09,1.75
9.590,34.8,31.9,1,1,0.07,0.04,1.49
9.591,34.9,31.5,1,1,0.21,-0.01,1.23
9.591,34.9,31.0,1,1,0.35,-0.05,0.96
9.592,34.8,29.4,1,1,0.25,-0.19,0.72
9.602,34.8,27.9,1,1,0.14,-0.33,0.48
9.603,35.0,27.3,1,1,0.06,-0.43,0.51
9.603,35.1,26.7,1,1,-0.02,-0.53,0.54
9.604,35.2,26.1,1,1,-0.11,-0.63,0.57
9.604,35.3,26.1,1,1,-0.11,-0.63,0.57
9.605,35.3,26.1,1,1,-0.11,-0.63,0.57
9.605,35.3,26.1,1,1,-0.11,-0.63,0.57
9.606,35.3,26.1,1,1,-0.11,-0.63,0.57
9.606,35.3,26.1,1,1,-0.11,-0.63,0.57
9.607,35.3,26.4,1,1,-0.03,-0.55,0.68
9.656,35.4,26.4,1,1,0.04,-0.46,0.78
9.656,35.6,26.5,1,1,0.11,-0.38,0.89
9.657,35.7,26.5,1,1,0.18,-0.29,0.99
9.657,35.9,26.6,1,1,0.25,-0.21,1.10
9.658,36.1,25.3,1,1,0.18,-0.09,0.86
9.668,36.2,24.1,1,1,0.10,0.02,0.62
9.669,36.2,23.0,1,1,0.02,0.14,0.39
9.669,36.3,21.9,1,1,-0.06,0.25,0.15
9.670,36.3,20.8,1,1,-0.14,0.37,-0.09
9.670,36.4,20.8,1,1,-0.14,0.37,-0.09
9.671,36.4,20.8,1,1,-0.14,0.37,-0.09
9.671,36.4,20.8,1,1,-0.14,0.37,-0.09
9.672,36.4,20.8,1,1,-0.14,0.37,-0.09
9.672,36.4,22.6,1,1,-0.13,0.37,0.73
9.721,35.9,24.4,1,1,-0.13,0.37,1.55
9.721,35.5,26.2,1,1,-0.13,0.37,2.37
9.722,35.1,28.0,1,1,-0.13,0.37,3.19
9.722,34.6,29.8,1,1,-0.12,0.37,4.01
9.723,34.2,29.8,1,1,-0.12,0.37,4.01
9.723,34.2,29.8,1,1,-0.12,0.16,3.44
9.734,34.7,30.1,1,1,0.00,-0.05,2.86
9.734,35.2,30.4,1,1,0.13,-0.25,2.29
9.735,35.7,30.7,1,1,0.26,-0.46,1.71
9.735,36.2,31.0,1,1,0.39,-0.67,1.14
9.736,36.7,31.3,1,1,0.51,-0.67,1.14
9.736,36.7,31.3,1,1,0.51,-0.67,1.14
9.737,36.7,31.3,1,1,0.51,-0.67,1.14
9.738,37.7,31.1,1,1,0.26,-0.60,0.99
9.785,38.6,30.9,1,1,0.01,-0.53,0.85
9.786,39.6,30.7,1,1,-0.24,-0.46,0.70
9.786,40.5,30.5,1,1,-0.49,-0.40,0.55
9.787,41.5,30.4,1,1,-0.74,-0.33,0.41
9.787,41.5,30.4,1,1,-0.74,-0.33,0.41
9.788,41.5,30.4,1,1,-0.74,-0.33,0.41
9.788,41.5,30.4,1,1,-0.74,-0.17,0.57
9.799,41.5,29.7,1,1,-0.58,-0.02,0.73
9.799,41.6,29.1,1,1,-0.42,0.13,0.89
9.800,41.6,28.4,1,1,-0.25,0.28,1.05
9.800,41.6,27.8,1,1,-0.09,0.43,1.21
9.801,41.7,27.2,1,1,0.07,0.43,1.21
9.801,41.7,27.2,1,1,0.07,0.43,0.78
9.966,41.3,27.2,1,1,0.20,0.23,0.35
9.967,40.9,27.3,1,1,0.33,0.02,-0.09
9.967,40.5,27.3,1,1,0.34,-0.04,-0.22
9.979,39.6,27.2,1,1,0.34,-0.10,-0.36
9.980,38.8,27.0,1,1,0.35,-0.16,-0.06
9.980,38.3,26.8,1,1,0.23,-0.01,0.24
9.981,37.8,26.6,1,1,0.10,0.14,0.54
9.981,37.3,26.4,1,1,0.10,0.14,0.54
9.981,37.3,26.4,1,1,0.10,0.14,0.54
9.982,37.3,26.4,1,1,0.10,0.14,0.54
9.982,37.3,26.4,1,1,0.10,0.14,0.54
9.983,37.3,26.4,1,1,0.10,0.14,0.54
9.983,37.3,26.4,1,1,0.10,0.14,0.54
9.984,37.3,26.4,1,1,0.10,0.14,0.65
10.031,37.3,26.7,1,1,0.05,0.06,0.76
10.031,37.3,27.1,1,1,-0.01,-0.02,0.88
10.032,37.4,27.5,1,1,-0.06,-0.11,0.99
10.032,37.4,27.8,1,1,-0.11,-0.19,1.10
10.032,37.4,28.2,1,1,-0.02,-0.42,0.84
10.044,37.3,28.4,1,1,0.12,-0.57,0.58
10.045,37.2,28.5,1,1,0.26,-0.72,0.32
10.045,37.0,28.7,1,1,0.41,-0.87,0.07
10.046,36.9,28.9,1,1,0.55,-1.02,-0.19
10.046,36.8,29.1,1,1,0.55,-1.02,-0.19
10.047,36.8,29.1,1,1,0.55,-1.02,-0.19
10.047,36.8,29.1,1,1,0.55,-1.02,-0.19
10.048,36.8,29.1,1,1,0.55,-1.02,-0.19
10.048,37.7,29.1,1,1,0.46,-0.87,0.14
10.095,38.5,29.1,1,1,0.37,-0.72,0.48
10.095,39.3,29.2,1,1,0.27,-0.57,0.82
10.096,40.2,29.2,1,1,0.18,-0.42,1.15
10.096,41.0,29.2,1,1,0.09,-0.27,1.49
10.097,41.0,29.2,1,1,0.09,-0.27,1.49
10.097,41.0,29.2,1,1,0.09,-0.27,1.49
10.098,41.0,29.4,1,1,0.12,-0.32,1.42
10.239,41.2,30.0,1,1,0.13,-0.26,1.30
10.275,41.4,30.6,1,1,0.13,-0.21,1.18
10.275,41.6,31.1,1,1,0.13,-0.16,1.06
10.288,41.8,31.4,1,1,0.13,-0.11,0.91
10.288,41.9,31.5,1,1,0.10,-0.01,0.83
10.289,41.9,31.3,1,1,0.10,-0.02,0.87
10.325,41.4,30.7,1,1,0.10,-0.04,0.91
10.326,41.0,30.2,1,1,0.11,-0.05,0.95
10.326,40.6,29.9,1,1,0.11,-0.06,1.05
10.337,40.1,29.4,1,1,0.06,-0.15,1.15
10.337,39.7,28.9,1,1,0.00,-0.22,1.18
10.338,39.6,28.6,1,1,-0.05,-0.30,1.21
10.338,39.5,28.4,1,1,-0.11,-0.38,1.24
10.339,39.5,28.2,1,1,-0.16,-0.46,1.24
10.339,39.5,28.2,1,1,-0.16,-0.46,1.24
10.340,39.5,28.2,1,1,-0.16,-0.46,1.24
10.340,39.5,28.2,1,1,-0.16,-0.46,1.24
10.341,39.5,28.2,1,1,-0.16,-0.46,1.24
10.341,39.5,28.2,1,1,-0.16,-0.46,1.17
10.390,39.7,28.6,1,1,-0.10,-0.47,1.10
10.390,39.9,29.1,1,1,-0.04,-0.48,1.04
10.391,40.0,29.5,1,1,0.02,-0.49,0.97
10.391,40.2,29.9,1,1,0.08,-0.51,0.90
10.392,40.4,30.4,1,1,0.14,-0.52,0.90
10.392,40.4,30.4,1,1,0.14,-0.48,0.85
10.403,40.3,30.1,1,1,0.16,-0.44,0.79
10.403,40.1,29.7,1,1,0.17,-0.40,0.74
10.404,39.9,29.4,1,1,0.18,-0.36,0.68
10.404,39.8,29.1,1,1,0.19,-0.32,0.63
10.405,39.6,28.8,1,1,0.21,-0.32,0.63
10.405,39.6,28.8,1,1,0.21,-0.32,0.63
10.406,39.6,28.8,1,1,0.21,-0.32,0.63
10.406,39.6,29.4,1,1,0.15,-0.28,0.67
10.455,39.5,30.1,1,1,0.10,-0.24,0.72
10.455,39.4,30.7,1,1,0.04,-0.21,0.77
10.456,39.3,31.3,1,1,-0.02,-0.17,0.81
10.456,39.2,31.9,1,1,-0.07,-0.13,0.86
10.457,39.2,31.9,1,1,-0.07,-0.13,0.86
10.457,39.2,31.9,1,1,-0.07,-0.13,0.86
10.458,39.2,31.9,1,1,-0.07,-0.13,0.86
10.458,39.2,31.9,1,1,-0.03,-0.16,0.87
10.469,39.0,32.1,1,1,0.02,-0.18,0.88
10.469,38.8,32.2,1,1,0.06,-0.20,0.89
10.470,38.7,32.4,1,1,0.11,-0.23,0.89
10.470,38.5,32.5,1,1,0.15,-0.25,0.90
10.471,38.4,32.7,1,1,0.14,-0.23,0.92
10.518,38.2,31.7,1,1,0.13,-0.20,0.94
10.519,37.9,30.8,1,1,0.13,-0.18,0.96
10.519,37.7,29.8,1,1,0.12,-0.16,0.98
10.520,37.5,28.9,1,1,0.11,-0.13,1.00
10.520,37.3,27.9,1,1,0.11,-0.13,1.00
10.521,37.3,27.9,1,1,0.11,-0.13,1.00
10.521,37.3,27.9,1,1,0.11,-0.13,1.00
10.522,37.3,27.9,1,1,0.11,-0.13,1.00
10.522,37.3,27.9,1,1,0.11,-0.13,1.00
10.523,37.3,27.9,1,1,0.11,-0.13,1.00
10.523,37.3,27.9,1,1,0.11,-0.13,1.00
10.534,37.5,28.0,1,1,0.07,-0.10,0.99
10.534,37.6,28.1,1,1,0.03,-0.07,0.99
10.535,37.6,28.1,1,1,0.02,-0.04,0.98
10.572,37.6,28.2,1,1,0.01,-0.01,0.96
10.584,37.4,28.1,1,1,-0.01,0.02,0.95
10.584,37.1,28.0,1,1,0.00,0.03,0.94
10.585,36.8,27.8,1,1,0.02,0.04,0.94
10.585,36.7,27.7,1,1,0.01,0.04,0.93
10.586,36.6,27.5,1,1,-0.01,0.05,0.93
10.586,36.6,27.5,1,1,-0.01,0.05,0.93
10.587,36.6,27.5,1,1,-0.01,0.05,0.93
10.587,36.6,27.5,1,1,-0.01,0.05,0.93
10.588,36.6,27.5,1,1,-0.01,0.05,0.93
10.588,36.6,27.5,1,1,-0.01,0.05,0.93
10.589,36.6,27.5,1,1,-0.01,0.05,0.93
10.589,36.6,27.5,1,1,-0.01,0.00,0.97
10.637,36.5,27.6,1,1,0.00,-0.04,1.01
10.637,36.4,27.6,1,1,0.01,-0.09,1.05
10.638,36.2,27.7,1,1,0.02,-0.14,1.09
10.638,36.1,27.7,1,1,0.05,-0.22,1.14
10.650,36.1,27.9,1,1,0.08,-0.25,1.16
10.651,36.2,28.0,1,1,0.10,-0.28,1.18
10.651,36.3,28.1,1,1,0.12,-0.31,1.20
10.652,36.5,28.2,1,1,0.14,-0.34,1.22
10.652,36.6,28.3,1,1,0.14,-0.34,1.22
10.653,36.6,28.3,1,1,0.14,-0.34,1.22
10.653,36.6,28.3,1,1,0.14,-0.34,1.22
10.654,36.6,28.3,1,1,0.14,-0.34,1.22
10.654,36.6,28.3,1,1,0.14,-0.34,1.22
10.655,36.7,28.5,1,1,0.08,-0.35,1.20
10.701,36.7,28.6,1,1,0.03,-0.37,1.18
10.702,36.8,28.8,1,1,-0.03,-0.38,1.16
10.702,36.8,28.9,1,1,-0.09,-0.40,1.14
10.703,36.9,29.1,1,1,-0.14,-0.41,1.12
10.703,36.9,29.1,1,1,-0.14,-0.41,1.12
10.715,36.6,29.7,1,1,-0.15,-0.42,1.12
10.715,36.3,30.4,1,1,-0.16,-0.43,1.12
10.716,36.0,31.0,1,1,-0.16,-0.43,1.12
10.716,35.7,31.6,1,1,-0.17,-0.44,1.12
10.717,35.4,32.3,1,1,-0.17,-0.44,1.12
10.717,35.4,32.3,1,1,-0.17,-0.44,1.12
10.718,35.4,32.3,1,1,-0.17,-0.44,1.12
10.718,35.4,32.4,1,1,-0.16,-0.39,1.09
10.766,35.4,32.4,1,1,-0.14,-0.34,1.06
10.767,35.4,32.5,1,1,-0.12,-0.28,1.03
10.767,35.5,32.6,1,1,-0.11,-0.23,1.00
10.768,35.5,32.7,1,1,-0.09,-0.18,0.97
10.768,35.5,32.7,1,1,-0.09,-0.18,0.97
10.769,35.5,32.7,1,1,-0.09,-0.18,0.97
10.769,35.5,32.7,1,1,-0.09,-0.18,1.06
10.781,35.6,32.5,1,1,-0.09,-0.17,1.15
10.781,35.6,32.3,1,1,-0.08,-0.17,1.24
10.782,35.6,32.1,1,1,-0.08,-0.17,1.33
10.782,35.7,31.8,1,1,-0.07,-0.17,1.42
10.783,35.7,31.6,1,1,-0.07,-0.17,1.42
10.783,35.7,31.6,1,1,-0.01,-0.35,1.58
10.831,35.9,30.7,1,1,0.04,-0.52,1.74
10.832,36.0,29.7,1,1,0.10,-0.69,1.90
10.832,36.2,28.7,1,1,0.15,-0.87,2.06
10.833,36.3,27.7,1,1,0.21,-1.04,2.22
10.833,36.5,26.8,1,1,0.21,-1.04,2.22
10.834,36.5,26.8,1,1,0.21,-1.04,2.22
10.834,36.5,26.8,1,1,0.21,-1.04,2.22
10.835,36.5,26.8,1,1,0.21,-1.04,2.22
10.835,36.5,26.8,1,1,0.21,-0.90,1.82
10.846,36.7,27.0,1,1,0.11,-0.76,1.42
10.846,36.9,27.3,1,1,0.02,-0.62,1.02
10.847,37.1,27.5,1,1,-0.08,-0.48,0.62
10.847,37.2,27.8,1,1,-0.17,-0.34,0.39
10.883,37.4,27.4,1,1,-0.09,-0.33,0.57
10.895,37.2,26.6,1,1,-0.11,-0.26,0.75
10.895,37.0,25.9,1,1,-0.13,-0.19,0.93
10.896,36.8,25.2,1,1,-0.15,-0.12,1.10
10.896,36.6,24.4,1,1,-0.17,-0.04,1.11
10.897,36.4,24.3,1,1,-0.37,0.02,1.11
10.897,36.4,24.3,1,1,-0.37,0.02,1.11
10.898,36.4,24.3,1,1,-0.37,0.02,1.11
10.898,36.4,24.3,1,1,-0.37,0.02,1.11
10.899,36.4,24.3,1,1,-0.37,0.02,1.11
10.899,36.4,24.3,1,1,-0.37,0.02,1.12
10.911,36.3,24.5,1,1,-0.21,-0.00,1.13
10.911,36.3,24.7,1,1,-0.06,-0.03,1.14
10.912,36.3,24.6,1,1,0.04,0.04,0.96
10.948,36.4,24.4,1,1,0.14,0.11,0.78
10.948,36.4,24.3,1,1,0.24,0.18,0.59
10.961,36.4,24.3,1,1,0.31,0.26,0.54
10.961,36.4,24.2,1,1,0.38,0.34,0.50
10.962,36.3,24.6,1,1,0.50,0.34,0.65
10.962,36.2,24.9,1,1,0.63,0.33,0.79
10.963,36.1,25.2,1,1,0.75,0.32,0.94
10.963,36.1,25.2,1,1,0.75,0.32,0.94
10.964,36.1,25.2,1,1,0.75,0.32,0.94
10.964,36.1,25.2,1,1,0.75,0.32,0.94
10.965,36.1,25.2,1,1,0.75,0.32,0.94
10.965,36.1,25.2,1,1,0.75,0.32,0.94
10.977,36.0,25.0,1,1,0.52,0.27,0.97
11.012,35.8,24.6,1,1,0.38,0.18,0.97
11.013,35.6,24.2,1,1,0.24,0.09,0.96
11.013,35.5,23.9,1,1,0.09,-0.01,0.96
11.014,35.3,23.5,1,1,-0.05,-0.10,0.95
11.014,35.2,23.4,1,1,0.03,-0.14,0.94
11.027,35.2,23.5,1,1,0.00,-0.13,0.96
11.027,35.3,23.5,1,1,-0.03,-0.11,0.98
11.028,35.4,23.5,1,1,-0.06,-0.10,1.01
11.028,35.4,23.5,1,1,-0.08,-0.09,1.03
11.029,35.5,23.6,1,1,-0.11,-0.09,1.03
11.029,35.5,23.6,1,1,-0.11,-0.09,1.03
11.030,35.5,23.6,1,1,-0.11,-0.09,1.03
11.030,35.5,23.6,1,1,-0.11,-0.09,1.03
11.031,35.5,23.7,1,1,-0.03,-0.10,1.03
11.077,35.6,23.9,1,1,0.06,-0.11,1.02
11.078,35.6,24.0,1,1,0.14,-0.12,1.02
11.078,35.7,24.2,1,1,0.23,-0.13,1.01
11.079,35.8,24.3,1,1,0.31,-0.14,1.01
11.079,35.8,24.3,1,1,0.31,-0.14,1.01
11.080,35.8,24.3,1,1,0.31,-0.14,1.01
11.080,35.8,24.3,1,1,0.31,-0.10,1.01
11.092,35.4,23.9,1,1,0.23,-0.07,1.01
11.092,35.1,23.4,1,1,0.16,-0.03,1.02
11.093,34.7,22.9,1,1,0.08,0.01,1.02
11.093,34.3,22.4,1,1,0.00,0.04,1.02
11.094,33.9,21.9,1,1,-0.08,0.04,1.02
11.094,33.9,21.9,1,1,-0.08,0.03,1.04
11.141,33.6,21.7,1,1,-0.15,0.02,1.05
11.141,33.3,21.4,1,1,-0.23,0.00,1.07
11.142,33.0,21.2,1,1,-0.31,-0.01,1.08
11.142,32.7,21.0,1,1,-0.38,-0.03,1.10
11.143,32.4,20.8,1,1,-0.46,-0.04,1.10
11.143,32.4,20.8,1,1,-0.46,-0.04,1.10
11.144,32.4,20.8,1,1,-0.46,-0.04,1.10
11.144,32.4,20.8,1,1,-0.46,-0.04,1.10
11.145,32.4,20.8,1,1,-0.46,-0.04,1.10
11.145,32.4,20.8,1,1,-0.46,-0.04,1.10
11.158,32.2,20.6,1,1,-0.42,-0.05,1.11
11.158,32.1,20.4,1,1,-0.37,-0.06,1.12
11.159,32.0,20.2,1,1,-0.32,-0.07,1.12
11.193,31.4,19.8,1,1,-0.31,-0.05,1.13
11.194,30.8,19.3,1,1,-0.30,-0.03,1.12
11.194,30.4,19.1,1,1,-0.33,0.01,1.10
11.207,29.8,18.5,1,1,-0.33,0.05,1.07
11.207,29.1,18.0,1,1,-0.33,0.09,1.04
11.208,29.0,17.7,1,1,-0.30,0.10,1.02
11.208,28.8,17.4,1,1,-0.26,0.10,0.99
11.209,28.6,17.2,1,1,-0.23,0.11,0.99
11.339,26.3,15.3,1,1,-0.29,0.05,0.97
11.388,24.0,13.3,1,1,-0.35,-0.01,0.97
11.388,21.7,11.4,1,1,-0.40,-0.06,0.97
11.389,19.4,9.5,1,1,-0.46,-0.11,0.97
11.389,17.1,7.6,1,1,-0.52,-0.17,0.97
11.390,17.1,7.5,1,1,-0.51,-0.14,1.00
11.425,17.1,7.4,1,1,-0.50,-0.12,1.00
11.438,17.1,7.4,1,1,-0.50,-0.09,0.99
11.438,17.1,7.5,1,1,-0.50,-0.07,0.99
11.439,17.0,7.6,1,1,-0.50,-0.04,0.98
11.439,17.0,7.8,1,1,-0.51,-0.03,0.98
11.440,16.9,7.9,1,1,-0.52,-0.02,0.98
11.440,16.9,7.9,1,1,-0.52,-0.02,0.98
11.441,16.9,7.9,1,1,-0.52,-0.02,0.98
11.441,16.9,7.9,1,1,-0.52,-0.02,0.98
11.442,16.9,7.9,1,1,-0.52,-0.02,0.98
11.442,16.9,7.9,1,1,-0.52,-0.02,0.98
11.454,17.0,7.7,1,1,-0.49,-0.01,0.98
11.454,17.0,7.5,1,1,-0.47,-0.01,0.99
11.490,16.9,8.0,1,1,-0.43,-0.00,1.00
11.490,16.9,8.5,1,1,-0.39,0.01,1.01
11.491,16.8,9.0,1,1,-0.35,0.02,1.02
11.491,16.7,9.8,1,1,-0.32,0.03,1.02
11.504,16.6,10.0,1,1,-0.29,0.03,1.03
11.504,16.5,9.4,1,1,-0.28,0.03,1.03
11.505,16.4,8.9,1,1,-0.26,0.04,1.03
11.505,16.3,8.4,1,1,-0.25,0.04,1.03
11.506,16.2,7.8,1,1,-0.25,0.04,1.03
11.506,16.2,7.8,1,1,-0.25,0.04,1.03
11.507,16.2,7.8,1,1,-0.25,0.04,1.03
11.507,16.2,7.8,1,1,-0.25,0.04,1.03
11.508,16.2,7.8,1,1,-0.25,0.04,1.03
11.508,16.2,7.8,1,1,-0.24,0.03,1.02
11.555,16.2,7.6,1,1,-0.22,0.02,1.01
11.556,16.2,7.5,1,1,-0.21,0.01,0.99
11.556,16.3,7.3,1,1,-0.20,-0.00,0.98
11.557,16.3,7.1,1,1,-0.18,-0.01,0.97
11.557,16.4,6.9,1,1,-0.18,-0.01,0.97
11.557,16.4,6.9,1,1,-0.20,-0.01,0.97
11.570,16.2,7.2,1,1,-0.22,-0.02,0.98
11.571,16.0,7.4,1,1,-0.24,-0.02,0.99
11.571,15.8,7.7,1,1,-0.26,-0.03,0.99
11.571,15.6,7.9,1,1,-0.28,-0.03,1.00
11.572,15.4,8.2,1,1,-0.28,-0.03,1.00
11.572,15.4,8.2,1,1,-0.28,-0.03,1.00
11.573,15.4,8.2,1,1,-0.28,-0.03,1.00
11.573,15.2,8.2,1,1,-0.27,-0.04,1.00
11.619,15.0,8.3,1,1,-0.25,-0.05,1.00
11.620,14.8,8.4,1,1,-0.24,-0.06,1.00
11.620,14.6,8.4,1,1,-0.23,-0.06,1.00
11.621,14.4,8.5,1,1,-0.21,-0.07,1.00
11.621,14.4,8.5,1,1,-0.21,-0.07,1.00
11.622,14.4,8.5,1,1,-0.21,-0.07,1.00
11.622,14.4,8.5,1,1,-0.21,-0.07,1.00
11.623,14.4,8.5,1,1,-0.21,-0.07,1.00
11.623,14.4,8.5,1,1,-0.20,-0.08,1.02
11.636,14.4,8.7,1,1,-0.18,-0.08,1.03
11.636,14.5,9.0,1,1,-0.16,-0.09,1.04
11.637,14.5,9.3,1,1,-0.15,-0.09,1.05
11.637,14.6,9.6,1,1,-0.13,-0.09,1.04
11.672,14.3,9.3,1,1,-0.12,-0.07,1.01
11.685,13.7,8.7,1,1,-0.12,-0.05,0.98
11.685,13.1,8.0,1,1,-0.12,-0.03,0.95
11.686,12.5,7.4,1,1,-0.11,-0.01,0.92
11.686,12.0,6.7,1,1,-0.11,0.00,0.91
11.687,11.8,6.7,1,1,-0.11,0.00,0.91
11.687,11.8,6.7,1,1,-0.11,0.00,0.91
11.688,11.8,6.7,1,1,-0.11,0.00,0.91
11.688,11.8,6.7,1,1,-0.11,0.00,0.91
11.689,11.8,6.7,1,1,-0.11,0.00,0.91
11.689,11.8,6.7,1,1,-0.11,-0.01,0.90
11.702,11.6,6.7,1,1,-0.10,-0.01,0.88
11.702,11.5,6.8,1,1,-0.09,-0.02,0.87
11.703,11.2,6.7,1,0,-0.02,-0.03,0.89
11.750,10.8,6.7,1,0,0.05,-0.04,0.90
11.751,10.5,6.7,1,0,0.12,-0.04,0.93
11.751,10.2,6.6,1,0,0.18,-0.04,0.96
11.752,10.0,6.5,1,0,0.23,-0.04,0.99
11.752,10.0,6.5,1,0,0.23,-0.04,0.99
11.753,10.0,6.5,1,0,0.23,-0.04,0.99
11.753,10.0,6.5,1,0,0.23,-0.04,0.99
11.754,10.0,6.5,1,0,0.23,-0.04,0.99
11.754,10.0,6.5,1,0,0.23,-0.02,0.96
11.767,10.0,7.3,1,0,0.23,0.00,0.92
11.767,10.1,8.0,1,0,0.22,0.03,0.89
11.768,10.1,8.8,1,0,0.22,0.05,0.85
11.768,10.2,9.5,1,0,0.21,0.07,0.82
11.769,10.0,9.7,1,0,0.19,0.07,0.84
11.816,9.7,9.1,1,0,0.17,0.07,0.87
11.817,9.5,8.5,1,0,0.15,0.08,0.89
11.817,9.2,7.9,1,0,0.13,0.08,0.92
11.818,8.9,7.3,1,0,0.11,0.08,0.94
11.818,8.9,7.3,1,0,0.11,0.08,0.94
11.819,8.9,7.3,1,0,0.11,0.08,0.94
11.819,8.9,7.3,1,0,0.11,0.08,0.94
11.820,8.9,7.3,1,0,0.11,0.08,0.94
11.820,8.9,7.3,1,0,0.11,0.08,0.94
11.833,8.8,8.0,1,0,0.11,0.08,0.94
11.833,8.7,8.6,1,0,0.11,0.08,0.93
11.834,8.6,9.3,1,0,0.12,0.09,0.93
11.834,8.5,10.0,1,0,0.12,0.09,0.92
11.835,8.4,10.6,1,0,0.12,0.08,0.94
11.882,8.3,9.6,1,0,0.12,0.07,0.95
11.883,8.3,8.6,1,0,0.13,0.06,0.96
11.883,8.3,7.6,1,0,0.13,0.06,0.98
11.884,8.3,6.5,1,0,0.14,0.05,0.99
11.884,8.3,5.5,1,0,0.14,0.05,0.99
11.885,8.3,5.5,1,0,0.14,0.05,0.99
11.885,8.3,5.5,1,0,0.14,0.05,0.99
11.886,8.3,5.5,1,0,0.14,0.05,0.99
11.886,8.3,5.5,1,0,0.14,0.05,0.99
11.887,8.3,6.1,1,0,0.15,0.04,0.99
11.899,8.3,6.7,1,0,0.15,0.04,0.99
11.900,8.3,7.3,1,0,0.16,0.04,0.99
11.900,8.3,7.9,1,0,0.16,0.04,0.99
11.901,8.3,8.5,1,0,0.17,0.03,0.99
11.901,8.3,8.0,1,0,0.17,0.02,0.99
11.948,8.3,7.6,1,0,0.16,0.01,0.99
11.949,8.3,7.2,1,0,0.16,-0.01,0.99
11.949,8.3,6.8,1,0,0.15,-0.02,1.00
11.950,8.3,6.4,1,0,0.15,-0.03,1.00
11.950,8.3,6.4,1,0,0.15,-0.03,1.00
11.951,8.3,6.4,1,0,0.15,-0.03,1.00
11.951,8.3,6.4,1,0,0.15,-0.03,1.00
11.952,8.3,6.4,1,0,0.15,-0.03,1.00
11.952,8.3,6.4,1,0,0.15,-0.03,1.00
11.953,8.3,7.0,1,0,0.14,-0.04,1.00
11.965,8.4,7.6,1,0,0.14,-0.04,1.00
11.966,8.4,8.2,1,0,0.14,-0.04,0.99
11.966,8.4,8.9,1,0,0.13,-0.05,0.99
11.967,8.4,9.5,1,0,0.14,-0.05,0.99
12.001,8.3,9.1,1,0,0.14,-0.05,0.99
12.014,8.4,8.7,1,0,0.15,-0.05,1.00
12.014,8.4,8.4,1,0,0.15,-0.05,1.00
12.015,8.5,8.1,1,0,0.16,-0.05,1.00
12.015,8.6,7.7,1,0,0.16,-0.05,1.00
12.016,8.7,7.8,1,0,0.16,-0.05,1.00
12.016,8.7,7.8,1,0,0.16,-0.05,1.00
12.017,8.7,7.8,1,0,0.16,-0.05,1.00
12.017,8.7,7.8,1,0,0.16,-0.05,1.00
12.018,8.7,7.8,1,0,0.16,-0.05,1.00
12.018,8.7,7.8,1,0,0.16,-0.05,1.00
12.031,8.6,7.8,1,0,0.16,-0.05,1.00
12.031,8.4,7.8,1,0,0.16,-0.05,1.00
12.032,8.3,7.7,1,0,0.16,-0.05,1.00
12.066,8.1,7.2,1,0,0.15,-0.04,1.00
12.067,7.9,6.7,1,0,0.15,-0.03,1.00
12.067,7.9,6.1,1,0,0.15,-0.02,1.01
12.079,7.9,6.8,1,0,0.16,-0.01,1.01
12.079,8.0,7.5,1,0,0.16,0.00,1.01
12.080,8.1,8.7,1,0,0.16,0.00,1.01
12.080,8.1,9.9,1,0,0.16,0.01,1.01
12.081,8.2,11.1,1,0,0.17,0.01,1.01
12.081,8.2,11.1,1,0,0.17,0.01,1.01
12.082,8.2,11.1,1,0,0.17,0.01,1.01
12.082,8.2,11.1,1,0,0.17,0.01,1.01
12.083,8.2,11.1,1,0,0.17,0.01,1.01
12.083,8.2,11.1,1,0,0.17,0.01,1.01
12.084,8.1,10.0,1,0,0.16,0.01,1.02
12.096,7.9,8.8,1,0,0.15,0.01,1.01
12.131,7.7,7.7,1,0,0.14,0.01,1.00
12.131,7.5,6.5,1,0,0.13,0.01,0.99
12.132,7.3,5.4,1,0,0.11,0.01,0.98
12.132,7.3,5.4,1,0,0.11,0.02,0.97
12.133,7.2,5.8,1,0,0.11,0.02,0.97
12.145,7.2,6.2,1,0,0.10,0.02,0.97
12.146,7.1,6.6,1,0,0.10,0.02,0.98
12.146,7.1,7.0,1,0,0.10,0.02,0.98
12.147,7.1,7.4,1,0,0.10,0.02,0.98
12.147,7.1,7.4,1,0,0.10,0.02,0.98
12.148,7.1,7.4,1,0,0.10,0.02,0.98
12.148,7.1,7.4,1,0,0.10,0.02,0.98
12.149,7.1,7.4,1,0,0.10,0.02,0.98
12.149,7.1,7.4,1,0,0.10,0.01,0.98
12.196,7.0,7.1,1,0,0.10,0.01,0.98
12.196,7.0,6.8,1,0,0.09,0.01,0.98
12.197,6.9,6.5,1,0,0.09,0.01,0.99
12.197,6.9,6.2,1,0,0.09,0.01,0.99
12.198,6.8,5.9,1,0,0.09,0.01,0.99
12.198,6.8,5.9,1,0,0.09,0.01,0.99
12.211,6.8,5.7,1,0,0.09,0.00,0.99
12.211,6.7,5.5,1,0,0.09,0.00,0.99
12.212,6.7,5.3,1,0,0.09,0.00,0.99
12.212,6.7,5.1,1,0,0.09,-0.00,0.99
12.213,6.7,4.9,1,0,0.09,-0.00,0.99
12.213,6.7,4.9,1,0,0.09,-0.00,0.99
12.214,6.7,4.9,1,0,0.09,-0.00,0.99
12.214,6.7,4.9,1,0,0.09,-0.00,0.99
12.215,6.8,5.3,1,0,0.09,-0.01,0.99
12.261,7.0,5.8,1,0,0.09,-0.01,0.99
12.262,7.2,6.3,1,0,0.08,-0.01,1.00
12.262,7.4,6.7,1,0,0.08,-0.01,1.00
12.263,7.6,7.2,1,0,0.08,-0.01,1.00
12.263,7.6,7.2,1,0,0.08,-0.01,1.00
12.264,7.6,7.2,1,0,0.08,-0.01,1.00
12.264,7.6,7.2,1,0,0.08,-0.01,1.00
12.277,7.4,6.9,1,0,0.08,-0.01,1.00
12.277,7.3,6.6,1,0,0.08,-0.01,1.00
12.278,7.1,6.3,1,0,0.08,-0.01,1.00
12.278,7.0,6.0,1,0,0.08,-0.01,0.99
12.279,6.8,5.8,1,0,0.09,-0.02,0.99
12.408,6.8,5.6,1,0,0.09,-0.01,0.99
12.457,7.0,6.6,1,0,0.09,-0.01,1.00
12.492,7.1,6.7,1,0,0.10,-0.01,1.00
12.493,7.2,6.8,1,0,0.10,-0.01,1.00
12.493,7.3,6.9,1,0,0.11,-0.00,1.00
12.494,7.4,7.1,1,0,0.11,-0.00,1.00
12.494,7.3,6.3,1,0,0.11,-0.00,1.00
12.507,7.3,6.6,1,0,0.11,-0.01,1.00
12.507,7.3,6.8,1,0,0.11,-0.01,1.00
12.508,7.2,7.1,1,0,0.11,-0.01,1.00
12.508,7.2,7.4,1,0,0.12,-0.01,1.00
12.509,7.2,7.7,1,0,0.12,-0.01,1.00
12.509,7.2,7.7,1,0,0.12,-0.01,1.00
12.510,7.2,7.7,1,0,0.12,-0.01,1.00
12.510,7.2,7.7,1,0,0.12,-0.01,1.00
12.511,7.2,7.7,1,0,0.12,-0.01,1.00
12.556,7.1,7.5,1,0,0.12,-0.01,1.00
12.557,7.1,7.4,1,0,0.12,-0.01,1.00
12.557,7.1,7.2,1,0,0.12,-0.02,1.00
12.558,7.1,7.1,1,0,0.12,-0.02,1.00
12.558,7.0,6.9,1,0,0.12,-0.02,1.00
12.559,7.0,6.9,1,0,0.12,-0.02,1.00
12.559,7.0,6.9,1,0,0.12,-0.02,1.00
12.560,7.2,7.3,1,0,0.12,-0.02,1.00
12.572,7.4,7.7,1,0,0.12,-0.02,1.00
12.573,7.6,8.1,1,0,0.12,-0.02,1.00
12.573,7.8,8.5,1,0,0.12,-0.02,1.00
12.574,7.9,8.8,1,0,0.11,-0.02,1.00
12.574,7.9,8.8,1,0,0.11,-0.02,1.00
12.575,7.9,8.8,1,0,0.11,-0.02,1.00
12.621,7.8,8.3,1,0,0.12,-0.02,1.00
12.622,7.8,7.7,1,0,0.12,-0.01,1.00
12.622,7.7,7.1,1,0,0.12,-0.01,1.00
12.623,7.6,6.6,1,0,0.12,-0.01,1.00
12.623,7.5,6.0,1,0,0.12,-0.00,1.00
12.624,7.5,6.0,1,0,0.12,-0.00,1.00
12.624,7.5,6.0,1,0,0.12,-0.00,1.00
12.625,7.5,6.0,1,0,0.12,-0.00,1.00
12.625,7.5,6.0,1,0,0.12,-0.00,1.00
12.626,7.5,5.8,1,0,0.12,-0.00,0.99
12.638,7.3,5.5,1,0,0.12,-0.00,0.99
12.639,7.0,5.3,1,0,0.12,-0.00,0.99
12.639,6.8,5.0,1,0,0.12,-0.00,0.99
12.640,6.6,4.7,1,0,0.12,-0.00,0.99
12.640,6.4,5.0,1,0,0.12,0.00,0.99
12.687,6.6,5.5,1,0,0.13,0.01,0.99
12.687,6.8,6.0,1,0,0.14,0.01,0.99
12.688,7.0,6.6,1,0,0.15,0.02,0.99
12.688,7.2,7.1,1,0,0.16,0.02,0.99
12.689,7.4,7.3,1,0,0.16,0.02,0.99
12.689,7.4,7.3,1,0,0.16,0.02,0.99
12.690,7.4,7.3,1,0,0.16,0.02,0.99
12.690,7.4,7.3,1,0,0.16,0.02,0.99
12.691,7.4,7.3,1,0,0.16,0.02,0.99
12.691,7.4,7.3,1,0,0.16,0.02,0.99
12.704,7.2,7.6,1,0,0.16,0.01,0.99
12.704,7.0,7.9,1,0,0.15,0.01,0.99
12.705,6.8,8.1,1,0,0.15,0.01,0.99
12.705,6.6,8.4,1,0,0.15,0.01,0.99
12.740,6.4,8.1,1,0,0.15,0.01,0.99
12.753,6.3,7.5,1,0,0.15,0.01,0.99
12.753,6.2,6.8,1,0,0.15,0.01,0.99
12.754,6.2,6.2,1,0,0.16,0.01,0.99
12.754,6.1,5.5,1,0,0.16,0.01,0.99
12.755,6.0,5.5,1,0,0.17,0.01,0.99
12.755,6.0,5.5,1,0,0.17,0.01,0.99
12.756,6.0,5.5,1,0,0.17,0.01,0.99
12.756,6.0,5.5,1,0,0.17,0.01,0.99
12.757,6.0,5.5,1,0,0.17,0.01,0.99
12.757,6.0,5.5,1,0,0.17,0.01,0.99
12.770,5.9,6.3,1,0,0.17,0.01,0.99
12.770,5.9,7.1,1,0,0.16,0.01,0.99
12.771,5.9,7.9,1,0,0.16,0.01,0.99
12.771,5.8,8.0,1,0,0.17,0.00,0.99
12.806,5.9,8.0,1,0,0.18,-0.00,0.99
12.807,6.0,7.4,1,0,0.18,0.01,0.99
12.819,6.2,6.8,1,0,0.17,0.02,0.99
12.820,6.3,6.1,1,0,0.17,0.03,0.99
12.820,6.4,6.2,1,0,0.15,0.05,0.99
12.821,6.5,6.3,1,0,0.14,0.07,0.99
12.821,6.5,6.3,1,0,0.14,0.07,0.99
12.822,6.5,6.3,1,0,0.14,0.07,0.99
12.822,6.5,6.3,1,0,0.14,0.07,0.99
12.823,6.5,6.3,1,0,0.14,0.07,0.99
12.823,6.5,6.3,1,0,0.14,0.07,0.99
12.824,6.5,6.8,1,0,0.14,0.04,0.99
12.836,6.5,7.4,1,0,0.15,0.02,1.00
12.837,6.4,8.0,1,0,0.15,-0.00,1.00
12.871,6.5,8.6,1,0,0.15,-0.02,1.00
12.872,6.7,9.2,1,0,0.15,-0.03,1.00
12.872,6.8,9.2,1,0,0.15,-0.02,0.99
12.885,6.8,8.7,1,0,0.16,-0.01,0.98
12.885,6.9,8.2,1,0,0.16,0.00,0.98
12.886,6.7,7.6,1,0,0.16,0.00,0.98
12.886,6.5,7.0,1,0,0.17,0.00,0.98
12.887,6.3,6.4,1,0,0.17,0.00,0.98
12.887,6.3,6.4,1,0,0.17,0.00,0.98
12.888,6.3,6.4,1,0,0.17,0.00,0.98
12.888,6.3,6.4,1,0,0.17,0.00,0.98
12.889,6.3,6.4,1,0,0.17,0.00,0.98
12.889,6.3,6.4,1,0,0.17,-0.00,0.98
12.902,6.4,7.2,1,0,0.17,-0.01,0.99
12.902,6.4,7.9,1,0,0.17,-0.01,0.99
12.936,6.3,7.8,1,0,0.17,-0.01,0.99
12.937,6.3,7.7,1,0,0.17,-0.01,0.99
12.937,6.2,7.6,1,0,0.17,-0.01,0.99
12.950,6.0,6.7,1,0,0.17,-0.01,0.99
12.950,5.9,5.9,1,0,0.17,-0.00,0.99
12.951,5.9,5.9,1,0,0.17,-0.00,0.99
12.951,6.0,6.0,1,0,0.16,-0.00,0.98
12.952,6.0,6.0,1,0,0.16,0.00,0.98
12.952,6.0,6.0,1,0,0.16,0.00,0.98
12.953,6.0,6.0,1,0,0.16,0.00,0.98
12.953,6.0,6.0,1,0,0.16,0.00,0.98
12.954,6.0,6.0,1,0,0.16,0.00,0.98
12.954,6.0,6.0,1,0,0.16,0.00,0.98
12.966,6.1,6.8,1,0,0.17,0.00,0.99
13.000,6.1,7.1,1,0,0.18,0.00,0.99
13.001,6.1,7.4,1,0,0.19,0.01,0.99
13.001,6.2,7.7,1,0,0.20,0.01,0.99
13.002,6.2,8.0,1,0,0.21,0.01,0.99
13.002,6.2,7.6,1,0,0.22,0.01,0.99
13.015,6.2,7.7,1,0,0.21,0.01,0.99
13.015,6.3,7.9,1,0,0.20,0.01,0.98
13.016,6.3,8.0,1,0,0.20,0.00,0.98
13.016,6.3,8.2,1,0,0.19,-0.00,0.98
13.017,6.4,8.3,1,0,0.19,-0.00,0.97
13.017,6.4,8.3,1,0,0.19,-0.00,0.97
13.018,6.4,8.3,1,0,0.19,-0.00,0.97
13.018,6.4,8.3,1,0,0.19,-0.00,0.97
13.019,6.4,8.3,1,0,0.19,-0.00,0.97
13.019,6.4,7.9,1,0,0.19,-0.01,0.98
